transaction_id,timestamp,from,to,amount
fb74f796298ecd55600e746a1c92115ba7182362733445db58489d02c6ffc69c_TScX,2026-09-27 17:27:42,TNXoiAJ3dct8Fjg4M9fkLFh9S2v9TXc32G,TScXZTbDjjZ6a6jiC7dZjgCqfNo4vm7atV,198.5
fa48739c4b91544fd9005076714aae3aa1ac12f6c01cc17c3f090466069fa5c8_TScX,2026-09-27 17:27:42,TJPbpPsZSo5iMvu2x82wTivkoaf9DbP7SX,TScXZTbDjjZ6a6jiC7dZjgCqfNo4vm7atV,145.47
4fb6b924d9215448c1a0e12a2348402d0e4dd578f253d620cee264a6d7146b83_TScX,2026-09-27 17:27:42,TPjPQro3CzjkZ3QrbpDVzg7wyb9XnTP4sB,TScXZTbDjjZ6a6jiC7dZjgCqfNo4vm7atV,3000.0
092ba2c92fc8a05297a7f89b4b0c3b4c08d24ceb68350aeca40e9971a9f1f0ce_TScX,2026-09-27 17:27:42,TPjSbMz1WvnqbKatMUCjeuJCUgxxPubLmy,TScXZTbDjjZ6a6jiC7dZjgCqfNo4vm7atV,490.0
9e6cad95314ab012ea34efc91247fa9cb1ed838e67cd69b23c1a3b84647e4366_TScX,2026-09-27 17:27:42,TJrs5yypaffkvu6teZTK4wxczu7an8jyKA,TScXZTbDjjZ6a6jiC7dZjgCqfNo4vm7atV,32.0
9af6d702a8799f458662e98c71c611e3d4cf441d1eb01e7d56504abe415a716f_TScX,2026-09-27 17:27:42,TRQWZfu8y1MMHWZMLA9nNbKVhM7d1f9m9u,TScXZTbDjjZ6a6jiC7dZjgCqfNo4vm7atV,300.0
e98693abc423f1c66d1cc92823178d0713994dacfee2f1166b534bcf03ef080d_TScX,2026-09-27 17:27:42,TGprJLZeughRoR9VqHo2ScSA9d6dB7SHaf,TScXZTbDjjZ6a6jiC7dZjgCqfNo4vm7atV,50.0
6266262b1c113028073f088c4073fe83396a05ae781c747e0006f8a46f7658d3_TScX,2026-09-27 17:27:42,TBSK9zw4r34vKXdyBA5SHzss1eQEp2ja9L,TScXZTbDjjZ6a6jiC7dZjgCqfNo4vm7atV,225.903
d20ab7f7b6ffdd6fab9dbff95ea9d6307aaf2825dcf3e70cb246b93370410672_TScX,2026-09-27 17:27:42,TU4vEruvZwLLkSfV9bNw12EJTPvNr7Pvaa,TScXZTbDjjZ6a6jiC7dZjgCqfNo4vm7atV,2934.7826
4cb66bed9e8b9b7fc6c036db5e3ddaba1cad5604e64be5a3cadbb9c7443c5cf8_TScX,2026-09-27 17:27:42,TV4muHUaoUh7EA8pHTQJaiztWWK4DvC7La,TScXZTbDjjZ6a6jiC7dZjgCqfNo4vm7atV,30.0919
1bce91a5cb3d26797948063eba09718b29d9b92d2463178e676358fa4c07881c_TScX,2026-09-27 17:27:42,TSm74qiXVMYsXYJHSgenYcdy8mfwc5zgso,TScXZTbDjjZ6a6jiC7dZjgCqfNo4vm7atV,173.0
ad2c5a590a73a26ee9b161c83b3c46cd5e1e36c77ac338f5e2820953bf20a39a_TScX,2026-09-27 17:27:42,TTngVL9nkicGFz9HMfuhVytKpXjN52uiG9,TScXZTbDjjZ6a6jiC7dZjgCqfNo4vm7atV,5998.0
2491abc2ceec93c5d4796745cf36a80ebdff22d21f6a1f6bdefdddd713ed2cd1_TScX,2026-09-27 17:27:42,TGqKd2LyV9amkweM5cJTPqxHk1CwFpYJZ6,TScXZTbDjjZ6a6jiC7dZjgCqfNo4vm7atV,100.0
47c7b10952cada03d12e92eb082520ddb645d1ae30b64a31b579ffdc6b6a048e_TScX,2026-09-27 17:27:42,TTqaDdWrmnqUGK51w9o8tzcoeKd2myZZMR,TScXZTbDjjZ6a6jiC7dZjgCqfNo4vm7atV,1.0
8e5a3bab713c347158589aed600549e079bd0d7f1fcac310d96f6e6ec6c9d99f_TScX,2026-09-27 17:27:42,TTEdCvo7CcxyTXvfaMD5ggDJSCtx1HEem7,TScXZTbDjjZ6a6jiC7dZjgCqfNo4vm7atV,149.697
ed5de4dc6e9c3e87ca99021763022152d9640bdf0e309dba5b9cc6758bd9ea04_TScX,2026-09-27 17:27:42,TTqaDdWrmnqUGK51w9o8tzcoeKd2myZZMR,TScXZTbDjjZ6a6jiC7dZjgCqfNo4vm7atV,11.6084
c9ad32e3baa9ddce568adc5968b07ea89ce3bd422f9ccd8a7b81273a859a42be_TScX,2026-09-27 17:27:42,TBcQ6YUSKctGTzC1W1VUkXBjbRrFC6tPv6,TScXZTbDjjZ6a6jiC7dZjgCqfNo4vm7atV,56.0
34b4cc6396b3ec052a0ced9a83fd65c89efe966d5169c34d80936b72851c427c_TScX,2026-09-27 17:27:42,TUJMek9erMZ3MKyM2NTm8iENEPgpqdZm6g,TScXZTbDjjZ6a6jiC7dZjgCqfNo4vm7atV,4396.93
dd783de8a4b6d7f1ddf587c459fafb8e59d809ee05014dc03af296367b5402f5_TScX,2026-09-27 17:27:42,TNR2B68dTth33MJk3toYif7imppsobENjr,TScXZTbDjjZ6a6jiC7dZjgCqfNo4vm7atV,939.05
2e247ffc7f4f24674c2a8b30bc16624681e02242ea21cc64267fac48bab2bb60_TScX,2026-09-27 17:27:42,TYVVnKvJyd8fFpELebQfxhtv6NESu2SofD,TScXZTbDjjZ6a6jiC7dZjgCqfNo4vm7atV,13099.88
b1198b59dbbcb44a99719c24821e59aabe46fd17be405c53950a38c12f878f93_TScX,2026-09-27 17:27:42,TDvgp8UfgCrvuW636RiFdJRPU5qU2ARpgr,TScXZTbDjjZ6a6jiC7dZjgCqfNo4vm7atV,20.0
68be2c32d3485497268be1b52b6e57dc551e511794df62c2d0ea20228f552f45_TScX,2026-09-27 17:27:42,TPvN1UnH9TcDXHxtTz1Gr7RD7UUsiwj4dG,TScXZTbDjjZ6a6jiC7dZjgCqfNo4vm7atV,1493.7
d19908c4b2b617e3ea82326b126ec4c85684010030b2c9caa799cba6c0496132_TScX,2026-09-27 17:27:42,TQeD7HkuapYonr54pezKZLYqv79fQDqpq2,TScXZTbDjjZ6a6jiC7dZjgCqfNo4vm7atV,28.0
1adc2a1880e9a6af065ea4e86d909aa9d03e236eccea3929d201a6103bd34943_TScX,2026-09-27 17:27:42,TVkfb95ZFyWrFL3fhd5utPNCp729veF5eR,TScXZTbDjjZ6a6jiC7dZjgCqfNo4vm7atV,2355.7
37ae32b4b31d2b34ddf09ccc7973df00cca6c7b481dd0f6c6e10dc4d0b6db056_TScX,2026-09-27 17:27:42,TQu97E74sEHDdu3W9fvBJPpTT7sASq7yFZ,TScXZTbDjjZ6a6jiC7dZjgCqfNo4vm7atV,15000.0
fb74f796298ecd55600e746a1c92115ba7182362733445db58489d02c6ffc69c_TCzq,2026-09-27 17:27:43,TNXoiAJ3dct8Fjg4M9fkLFh9S2v9TXc32G,TCzq6m2zxnQkrZrf8cqYcK6bbXQYAfWYKC,198.5
fa48739c4b91544fd9005076714aae3aa1ac12f6c01cc17c3f090466069fa5c8_TCzq,2026-09-27 17:27:43,TJPbpPsZSo5iMvu2x82wTivkoaf9DbP7SX,TCzq6m2zxnQkrZrf8cqYcK6bbXQYAfWYKC,145.47
4fb6b924d9215448c1a0e12a2348402d0e4dd578f253d620cee264a6d7146b83_TCzq,2026-09-27 17:27:43,TPjPQro3CzjkZ3QrbpDVzg7wyb9XnTP4sB,TCzq6m2zxnQkrZrf8cqYcK6bbXQYAfWYKC,3000.0
092ba2c92fc8a05297a7f89b4b0c3b4c08d24ceb68350aeca40e9971a9f1f0ce_TCzq,2026-09-27 17:27:43,TPjSbMz1WvnqbKatMUCjeuJCUgxxPubLmy,TCzq6m2zxnQkrZrf8cqYcK6bbXQYAfWYKC,490.0
9e6cad95314ab012ea34efc91247fa9cb1ed838e67cd69b23c1a3b84647e4366_TCzq,2026-09-27 17:27:43,TJrs5yypaffkvu6teZTK4wxczu7an8jyKA,TCzq6m2zxnQkrZrf8cqYcK6bbXQYAfWYKC,32.0
9af6d702a8799f458662e98c71c611e3d4cf441d1eb01e7d56504abe415a716f_TCzq,2026-09-27 17:27:43,TRQWZfu8y1MMHWZMLA9nNbKVhM7d1f9m9u,TCzq6m2zxnQkrZrf8cqYcK6bbXQYAfWYKC,300.0
e98693abc423f1c66d1cc92823178d0713994dacfee2f1166b534bcf03ef080d_TCzq,2026-09-27 17:27:43,TGprJLZeughRoR9VqHo2ScSA9d6dB7SHaf,TCzq6m2zxnQkrZrf8cqYcK6bbXQYAfWYKC,50.0
6266262b1c113028073f088c4073fe83396a05ae781c747e0006f8a46f7658d3_TCzq,2026-09-27 17:27:43,TBSK9zw4r34vKXdyBA5SHzss1eQEp2ja9L,TCzq6m2zxnQkrZrf8cqYcK6bbXQYAfWYKC,225.903
d20ab7f7b6ffdd6fab9dbff95ea9d6307aaf2825dcf3e70cb246b93370410672_TCzq,2026-09-27 17:27:43,TU4vEruvZwLLkSfV9bNw12EJTPvNr7Pvaa,TCzq6m2zxnQkrZrf8cqYcK6bbXQYAfWYKC,2934.7826
4cb66bed9e8b9b7fc6c036db5e3ddaba1cad5604e64be5a3cadbb9c7443c5cf8_TCzq,2026-09-27 17:27:43,TV4muHUaoUh7EA8pHTQJaiztWWK4DvC7La,TCzq6m2zxnQkrZrf8cqYcK6bbXQYAfWYKC,30.0919
1bce91a5cb3d26797948063eba09718b29d9b92d2463178e676358fa4c07881c_TCzq,2026-09-27 17:27:43,TSm74qiXVMYsXYJHSgenYcdy8mfwc5zgso,TCzq6m2zxnQkrZrf8cqYcK6bbXQYAfWYKC,173.0
ad2c5a590a73a26ee9b161c83b3c46cd5e1e36c77ac338f5e2820953bf20a39a_TCzq,2026-09-27 17:27:43,TTngVL9nkicGFz9HMfuhVytKpXjN52uiG9,TCzq6m2zxnQkrZrf8cqYcK6bbXQYAfWYKC,5998.0
2491abc2ceec93c5d4796745cf36a80ebdff22d21f6a1f6bdefdddd713ed2cd1_TCzq,2026-09-27 17:27:43,TGqKd2LyV9amkweM5cJTPqxHk1CwFpYJZ6,TCzq6m2zxnQkrZrf8cqYcK6bbXQYAfWYKC,100.0
47c7b10952cada03d12e92eb082520ddb645d1ae30b64a31b579ffdc6b6a048e_TCzq,2026-09-27 17:27:43,TTqaDdWrmnqUGK51w9o8tzcoeKd2myZZMR,TCzq6m2zxnQkrZrf8cqYcK6bbXQYAfWYKC,1.0
8e5a3bab713c347158589aed600549e079bd0d7f1fcac310d96f6e6ec6c9d99f_TCzq,2026-09-27 17:27:43,TTEdCvo7CcxyTXvfaMD5ggDJSCtx1HEem7,TCzq6m2zxnQkrZrf8cqYcK6bbXQYAfWYKC,149.697
ed5de4dc6e9c3e87ca99021763022152d9640bdf0e309dba5b9cc6758bd9ea04_TCzq,2026-09-27 17:27:43,TTqaDdWrmnqUGK51w9o8tzcoeKd2myZZMR,TCzq6m2zxnQkrZrf8cqYcK6bbXQYAfWYKC,11.6084
c9ad32e3baa9ddce568adc5968b07ea89ce3bd422f9ccd8a7b81273a859a42be_TCzq,2026-09-27 17:27:43,TBcQ6YUSKctGTzC1W1VUkXBjbRrFC6tPv6,TCzq6m2zxnQkrZrf8cqYcK6bbXQYAfWYKC,56.0
34b4cc6396b3ec052a0ced9a83fd65c89efe966d5169c34d80936b72851c427c_TCzq,2026-09-27 17:27:43,TUJMek9erMZ3MKyM2NTm8iENEPgpqdZm6g,TCzq6m2zxnQkrZrf8cqYcK6bbXQYAfWYKC,4396.93
dd783de8a4b6d7f1ddf587c459fafb8e59d809ee05014dc03af296367b5402f5_TCzq,2026-09-27 17:27:43,TNR2B68dTth33MJk3toYif7imppsobENjr,TCzq6m2zxnQkrZrf8cqYcK6bbXQYAfWYKC,939.05
2e247ffc7f4f24674c2a8b30bc16624681e02242ea21cc64267fac48bab2bb60_TCzq,2026-09-27 17:27:43,TYVVnKvJyd8fFpELebQfxhtv6NESu2SofD,TCzq6m2zxnQkrZrf8cqYcK6bbXQYAfWYKC,13099.88
b1198b59dbbcb44a99719c24821e59aabe46fd17be405c53950a38c12f878f93_TCzq,2026-09-27 17:27:43,TDvgp8UfgCrvuW636RiFdJRPU5qU2ARpgr,TCzq6m2zxnQkrZrf8cqYcK6bbXQYAfWYKC,20.0
68be2c32d3485497268be1b52b6e57dc551e511794df62c2d0ea20228f552f45_TCzq,2026-09-27 17:27:43,TPvN1UnH9TcDXHxtTz1Gr7RD7UUsiwj4dG,TCzq6m2zxnQkrZrf8cqYcK6bbXQYAfWYKC,1493.7
d19908c4b2b617e3ea82326b126ec4c85684010030b2c9caa799cba6c0496132_TCzq,2026-09-27 17:27:43,TQeD7HkuapYonr54pezKZLYqv79fQDqpq2,TCzq6m2zxnQkrZrf8cqYcK6bbXQYAfWYKC,28.0
1adc2a1880e9a6af065ea4e86d909aa9d03e236eccea3929d201a6103bd34943_TCzq,2026-09-27 17:27:43,TVkfb95ZFyWrFL3fhd5utPNCp729veF5eR,TCzq6m2zxnQkrZrf8cqYcK6bbXQYAfWYKC,2355.7
37ae32b4b31d2b34ddf09ccc7973df00cca6c7b481dd0f6c6e10dc4d0b6db056_TCzq,2026-09-27 17:27:43,TQu97E74sEHDdu3W9fvBJPpTT7sASq7yFZ,TCzq6m2zxnQkrZrf8cqYcK6bbXQYAfWYKC,15000.0
fb74f796298ecd55600e746a1c92115ba7182362733445db58489d02c6ffc69c_TRBA,2026-09-27 17:27:43,TNXoiAJ3dct8Fjg4M9fkLFh9S2v9TXc32G,TRBACioxdrdsYEZHvJWiUDZcMdBPpEe5Ub,198.5
fa48739c4b91544fd9005076714aae3aa1ac12f6c01cc17c3f090466069fa5c8_TRBA,2026-09-27 17:27:43,TJPbpPsZSo5iMvu2x82wTivkoaf9DbP7SX,TRBACioxdrdsYEZHvJWiUDZcMdBPpEe5Ub,145.47
4fb6b924d9215448c1a0e12a2348402d0e4dd578f253d620cee264a6d7146b83_TRBA,2026-09-27 17:27:43,TPjPQro3CzjkZ3QrbpDVzg7wyb9XnTP4sB,TRBACioxdrdsYEZHvJWiUDZcMdBPpEe5Ub,3000.0
092ba2c92fc8a05297a7f89b4b0c3b4c08d24ceb68350aeca40e9971a9f1f0ce_TRBA,2026-09-27 17:27:43,TPjSbMz1WvnqbKatMUCjeuJCUgxxPubLmy,TRBACioxdrdsYEZHvJWiUDZcMdBPpEe5Ub,490.0
9e6cad95314ab012ea34efc91247fa9cb1ed838e67cd69b23c1a3b84647e4366_TRBA,2026-09-27 17:27:43,TJrs5yypaffkvu6teZTK4wxczu7an8jyKA,TRBACioxdrdsYEZHvJWiUDZcMdBPpEe5Ub,32.0
9af6d702a8799f458662e98c71c611e3d4cf441d1eb01e7d56504abe415a716f_TRBA,2026-09-27 17:27:43,TRQWZfu8y1MMHWZMLA9nNbKVhM7d1f9m9u,TRBACioxdrdsYEZHvJWiUDZcMdBPpEe5Ub,300.0
e98693abc423f1c66d1cc92823178d0713994dacfee2f1166b534bcf03ef080d_TRBA,2026-09-27 17:27:43,TGprJLZeughRoR9VqHo2ScSA9d6dB7SHaf,TRBACioxdrdsYEZHvJWiUDZcMdBPpEe5Ub,50.0
6266262b1c113028073f088c4073fe83396a05ae781c747e0006f8a46f7658d3_TRBA,2026-09-27 17:27:43,TBSK9zw4r34vKXdyBA5SHzss1eQEp2ja9L,TRBACioxdrdsYEZHvJWiUDZcMdBPpEe5Ub,225.903
d20ab7f7b6ffdd6fab9dbff95ea9d6307aaf2825dcf3e70cb246b93370410672_TRBA,2026-09-27 17:27:43,TU4vEruvZwLLkSfV9bNw12EJTPvNr7Pvaa,TRBACioxdrdsYEZHvJWiUDZcMdBPpEe5Ub,2934.7826
4cb66bed9e8b9b7fc6c036db5e3ddaba1cad5604e64be5a3cadbb9c7443c5cf8_TRBA,2026-09-27 17:27:43,TV4muHUaoUh7EA8pHTQJaiztWWK4DvC7La,TRBACioxdrdsYEZHvJWiUDZcMdBPpEe5Ub,30.0919
1bce91a5cb3d26797948063eba09718b29d9b92d2463178e676358fa4c07881c_TRBA,2026-09-27 17:27:43,TSm74qiXVMYsXYJHSgenYcdy8mfwc5zgso,TRBACioxdrdsYEZHvJWiUDZcMdBPpEe5Ub,173.0
ad2c5a590a73a26ee9b161c83b3c46cd5e1e36c77ac338f5e2820953bf20a39a_TRBA,2026-09-27 17:27:43,TTngVL9nkicGFz9HMfuhVytKpXjN52uiG9,TRBACioxdrdsYEZHvJWiUDZcMdBPpEe5Ub,5998.0
2491abc2ceec93c5d4796745cf36a80ebdff22d21f6a1f6bdefdddd713ed2cd1_TRBA,2026-09-27 17:27:43,TGqKd2LyV9amkweM5cJTPqxHk1CwFpYJZ6,TRBACioxdrdsYEZHvJWiUDZcMdBPpEe5Ub,100.0
47c7b10952cada03d12e92eb082520ddb645d1ae30b64a31b579ffdc6b6a048e_TRBA,2026-09-27 17:27:43,TTqaDdWrmnqUGK51w9o8tzcoeKd2myZZMR,TRBACioxdrdsYEZHvJWiUDZcMdBPpEe5Ub,1.0
8e5a3bab713c347158589aed600549e079bd0d7f1fcac310d96f6e6ec6c9d99f_TRBA,2026-09-27 17:27:43,TTEdCvo7CcxyTXvfaMD5ggDJSCtx1HEem7,TRBACioxdrdsYEZHvJWiUDZcMdBPpEe5Ub,149.697
ed5de4dc6e9c3e87ca99021763022152d9640bdf0e309dba5b9cc6758bd9ea04_TRBA,2026-09-27 17:27:43,TTqaDdWrmnqUGK51w9o8tzcoeKd2myZZMR,TRBACioxdrdsYEZHvJWiUDZcMdBPpEe5Ub,11.6084
c9ad32e3baa9ddce568adc5968b07ea89ce3bd422f9ccd8a7b81273a859a42be_TRBA,2026-09-27 17:27:43,TBcQ6YUSKctGTzC1W1VUkXBjbRrFC6tPv6,TRBACioxdrdsYEZHvJWiUDZcMdBPpEe5Ub,56.0
34b4cc6396b3ec052a0ced9a83fd65c89efe966d5169c34d80936b72851c427c_TRBA,2026-09-27 17:27:43,TUJMek9erMZ3MKyM2NTm8iENEPgpqdZm6g,TRBACioxdrdsYEZHvJWiUDZcMdBPpEe5Ub,4396.93
dd783de8a4b6d7f1ddf587c459fafb8e59d809ee05014dc03af296367b5402f5_TRBA,2026-09-27 17:27:43,TNR2B68dTth33MJk3toYif7imppsobENjr,TRBACioxdrdsYEZHvJWiUDZcMdBPpEe5Ub,939.05
2e247ffc7f4f24674c2a8b30bc16624681e02242ea21cc64267fac48bab2bb60_TRBA,2026-09-27 17:27:43,TYVVnKvJyd8fFpELebQfxhtv6NESu2SofD,TRBACioxdrdsYEZHvJWiUDZcMdBPpEe5Ub,13099.88
b1198b59dbbcb44a99719c24821e59aabe46fd17be405c53950a38c12f878f93_TRBA,2026-09-27 17:27:43,TDvgp8UfgCrvuW636RiFdJRPU5qU2ARpgr,TRBACioxdrdsYEZHvJWiUDZcMdBPpEe5Ub,20.0
68be2c32d3485497268be1b52b6e57dc551e511794df62c2d0ea20228f552f45_TRBA,2026-09-27 17:27:43,TPvN1UnH9TcDXHxtTz1Gr7RD7UUsiwj4dG,TRBACioxdrdsYEZHvJWiUDZcMdBPpEe5Ub,1493.7
d19908c4b2b617e3ea82326b126ec4c85684010030b2c9caa799cba6c0496132_TRBA,2026-09-27 17:27:43,TQeD7HkuapYonr54pezKZLYqv79fQDqpq2,TRBACioxdrdsYEZHvJWiUDZcMdBPpEe5Ub,28.0
1adc2a1880e9a6af065ea4e86d909aa9d03e236eccea3929d201a6103bd34943_TRBA,2026-09-27 17:27:43,TVkfb95ZFyWrFL3fhd5utPNCp729veF5eR,TRBACioxdrdsYEZHvJWiUDZcMdBPpEe5Ub,2355.7
37ae32b4b31d2b34ddf09ccc7973df00cca6c7b481dd0f6c6e10dc4d0b6db056_TRBA,2026-09-27 17:27:43,TQu97E74sEHDdu3W9fvBJPpTT7sASq7yFZ,TRBACioxdrdsYEZHvJWiUDZcMdBPpEe5Ub,15000.0
751eac34f23cd0462b983d4f16ed7d9fc66c8d2f64d2595d0521a71b7a104429_TV5Z,2026-09-27 17:27:44,TTDM55JbXKTyXyvzgYmztnxJ6VeE2Agqat,TV5ZTpKDszLTF6XcMnPongS33pwBgF91by,9070.0
49226b490ff061c460d3e5df85970f6be361be4ca6420fb359c23e848da4a7ac_TV5Z,2026-09-27 17:27:44,TP9hKLGJqiWk49yuz7z8vp7Nx1H2UDKsm9,TV5ZTpKDszLTF6XcMnPongS33pwBgF91by,2200.0
c94fb7ffce2a221893388c8d9ef6d73e260303cca267261426062d85316633cb_TV5Z,2026-09-27 17:27:44,TKNbFMmESGBGLQUAh76dEaExjG5hLvm4ve,TV5ZTpKDszLTF6XcMnPongS33pwBgF91by,105.0
0170a3704de2a30264707a11ab4926744d5c7984dda438d63aa440c048a49344_TV5Z,2026-09-27 17:27:44,TTswhmWoQUJ6ATCMX4dk8evBgX3FnNVA6t,TV5ZTpKDszLTF6XcMnPongS33pwBgF91by,192.15
75908cabe4285da9590ef590bd793e6495ab312ebf8552eb2b1969bec5fc5eaf_TV5Z,2026-09-27 17:27:44,TYsGgnyi2x1K1kpMKi2zpwTKdkGvTHM1xw,TV5ZTpKDszLTF6XcMnPongS33pwBgF91by,49.1523
00c1ac28b9597f9f698bcf4f615abf837cc12c48280699d26f89de015202476c_TV5Z,2026-09-27 17:27:44,TDZi3KaQ1nnbSVfj5gTxXDzoV2D6dZtvHz,TV5ZTpKDszLTF6XcMnPongS33pwBgF91by,20.0
7a0f1eb40ba4a9fb0647c873081db24927e0f6dfb88e9d2901541800e58f9a00_TV5Z,2026-09-27 17:27:44,TFSV575ttC3x3sKfSpJg6RKXmRcC3Y7MHU,TV5ZTpKDszLTF6XcMnPongS33pwBgF91by,294.0
6fd0cecd6140367a73da10195e32098ce130e7ba94a3dc12304c0d0ba87c2fd1_TV5Z,2026-09-27 17:27:44,TXyo3wgn8cpKfJpkcxn5sdBBm3bHb6vi8r,TV5ZTpKDszLTF6XcMnPongS33pwBgF91by,114.0
29aea5384cecd19058895c81ec6a99442c58e261059f7015a223ce3c75e26fa0_TV5Z,2026-09-27 17:27:44,TCtiJhUzbk8XnQQpfbDsfYCTxW6UYJ2S84,TV5ZTpKDszLTF6XcMnPongS33pwBgF91by,2000.0
b80a7ef105a690fa8655a91b2d94420edfed31568b0785746c0468d6596d7d38_TV5Z,2026-09-27 17:27:44,TKc3DTHfxkVa1uV1JtK2fghMUyPf69pvZj,TV5ZTpKDszLTF6XcMnPongS33pwBgF91by,48.0
a9264c043cb3985f5bce1046713a31212d41bd5b13826ad8d5ad83361d553627_TV5Z,2026-09-27 17:27:44,TB8bRvvLzryRPiyM8ekvnHZ5vDJRJDzsdq,TV5ZTpKDszLTF6XcMnPongS33pwBgF91by,2000.0
63fd9209e2a32bb7ed5b56f6d383ba588526251de9669c01c009273b14518274_TV5Z,2026-09-27 17:27:44,TTRMwhxtUdgykYPoeq6eEUKLmj26Y4KtcG,TV5ZTpKDszLTF6XcMnPongS33pwBgF91by,34.58
6cf83277edbaf1347433f6f770e9beea6ffe1f2a68c063fd0a04dab6fc5422ce_TV5Z,2026-09-27 17:27:44,TMD8HYNC9o85u5YPKcvA8eD36mXd156ipi,TV5ZTpKDszLTF6XcMnPongS33pwBgF91by,20.0
a7aa7e2ed852b7b07e94aa346a3242edbec356d417b20571dbbb1e2b90d97b5f_TV5Z,2026-09-27 17:27:44,TTqr28DTetVFi3yWaiePmxEm8XmPLkrgua,TV5ZTpKDszLTF6XcMnPongS33pwBgF91by,42.7
94c3089ce0f11ff6c6eaa6209c5eeca09d781685fbd7a6f015521e201065b1b3_TV5Z,2026-09-27 17:27:44,TPmUabqo91JBxDFT8n1nUKLVDf3j3pRM98,TV5ZTpKDszLTF6XcMnPongS33pwBgF91by,209.0
7072b010c37b37fa7b17d8fe7dcb6c80c0bc4d9da9316031cbc065beda8f1032_TV5Z,2026-09-27 17:27:44,TGGy5atJCjrAECg5AeokAU1aoU6Yizv3fS,TV5ZTpKDszLTF6XcMnPongS33pwBgF91by,800.0
76235dc759aef2ce5c6ddc643356f4c3dac3ddd7a9490c9c2411c8dd957f6e51_TV5Z,2026-09-27 17:27:44,TMS2X9QuiKUCqYdpD2fEYL97dUSSpZmitK,TV5ZTpKDszLTF6XcMnPongS33pwBgF91by,10000.0
48043f5350bbef240e223d8a4832e0fc654aeff558758471223b4777a513d656_TV5Z,2026-09-27 17:27:44,TVba2TwzHk3ZWJbo6FVkH5xzrpNqTSh3oe,TV5ZTpKDszLTF6XcMnPongS33pwBgF91by,188.09
45f9f92f057c3ae4df2dacfdcaf3d6c98815e20cc7c4bcabb316b105fcd83abf_TV5Z,2026-09-27 17:27:44,TJRFUfQxhrmgV9MU6xA8YPcxaPgQTaYB3V,TV5ZTpKDszLTF6XcMnPongS33pwBgF91by,1000.0
d3a88fe45314b1d780e1f3d9417755c2872a0fbaf1ef10f8db71ff1716815dc0_TV5Z,2026-09-27 17:27:44,TXgEULsgReWMcuVd7CnKF5rKfQQZAH5LDM,TV5ZTpKDszLTF6XcMnPongS33pwBgF91by,162.0
825e0524d91d4e6b1ec5023ed2b3f2594d6fbe4361a1f3fc52b3f133cbb07731_TV5Z,2026-09-27 17:27:44,TJRewcn9rBBo2BTZ2sKYcXPZDEYPPW6ZZ5,TV5ZTpKDszLTF6XcMnPongS33pwBgF91by,500.0
086aac208499d1063a3ae04e4d90d0dbba367c9187dcca96e33061598b5133e3_TV5Z,2026-09-27 17:27:44,TZEQvGhY88AAVtPu18oxsWVKEBgWkzNb9s,TV5ZTpKDszLTF6XcMnPongS33pwBgF91by,13.0
f602607b74f057dc6e918c704900f86d1f519415cee4ec734b2dd81cb882c3b2_TV5Z,2026-09-27 17:27:44,TNviBTAmdtQC95oGA4YcWjmnVM19FLPQ4F,TV5ZTpKDszLTF6XcMnPongS33pwBgF91by,11.0
8870266c5345701db294daaac5a00faef8fccc8066e9ca4e37079cfd8ce0800c_TV5Z,2026-09-27 17:27:44,TPZtpy5j9FMj7XTcRM6Y7FtH5RitxgfxAG,TV5ZTpKDszLTF6XcMnPongS33pwBgF91by,33.0
5f527218eb3821a6267f840af1bacb840983a609702f1bc19e704aeae628dbe5_TV5Z,2026-09-27 17:27:44,TPzNu7UYjimTvNvkxGcHfThjmHNyfg9NsR,TV5ZTpKDszLTF6XcMnPongS33pwBgF91by,500.0
751eac34f23cd0462b983d4f16ed7d9fc66c8d2f64d2595d0521a71b7a104429_TUoi,2026-09-27 17:27:45,TTDM55JbXKTyXyvzgYmztnxJ6VeE2Agqat,TUoixKFaWVsHxGWgnYyMzpkrT22YqU7VvH,9070.0
49226b490ff061c460d3e5df85970f6be361be4ca6420fb359c23e848da4a7ac_TUoi,2026-09-27 17:27:45,TP9hKLGJqiWk49yuz7z8vp7Nx1H2UDKsm9,TUoixKFaWVsHxGWgnYyMzpkrT22YqU7VvH,2200.0
c94fb7ffce2a221893388c8d9ef6d73e260303cca267261426062d85316633cb_TUoi,2026-09-27 17:27:45,TKNbFMmESGBGLQUAh76dEaExjG5hLvm4ve,TUoixKFaWVsHxGWgnYyMzpkrT22YqU7VvH,105.0
0170a3704de2a30264707a11ab4926744d5c7984dda438d63aa440c048a49344_TUoi,2026-09-27 17:27:45,TTswhmWoQUJ6ATCMX4dk8evBgX3FnNVA6t,TUoixKFaWVsHxGWgnYyMzpkrT22YqU7VvH,192.15
75908cabe4285da9590ef590bd793e6495ab312ebf8552eb2b1969bec5fc5eaf_TUoi,2026-09-27 17:27:45,TYsGgnyi2x1K1kpMKi2zpwTKdkGvTHM1xw,TUoixKFaWVsHxGWgnYyMzpkrT22YqU7VvH,49.1523
00c1ac28b9597f9f698bcf4f615abf837cc12c48280699d26f89de015202476c_TUoi,2026-09-27 17:27:45,TDZi3KaQ1nnbSVfj5gTxXDzoV2D6dZtvHz,TUoixKFaWVsHxGWgnYyMzpkrT22YqU7VvH,20.0
7a0f1eb40ba4a9fb0647c873081db24927e0f6dfb88e9d2901541800e58f9a00_TUoi,2026-09-27 17:27:45,TFSV575ttC3x3sKfSpJg6RKXmRcC3Y7MHU,TUoixKFaWVsHxGWgnYyMzpkrT22YqU7VvH,294.0
6fd0cecd6140367a73da10195e32098ce130e7ba94a3dc12304c0d0ba87c2fd1_TUoi,2026-09-27 17:27:45,TXyo3wgn8cpKfJpkcxn5sdBBm3bHb6vi8r,TUoixKFaWVsHxGWgnYyMzpkrT22YqU7VvH,114.0
29aea5384cecd19058895c81ec6a99442c58e261059f7015a223ce3c75e26fa0_TUoi,2026-09-27 17:27:45,TCtiJhUzbk8XnQQpfbDsfYCTxW6UYJ2S84,TUoixKFaWVsHxGWgnYyMzpkrT22YqU7VvH,2000.0
b80a7ef105a690fa8655a91b2d94420edfed31568b0785746c0468d6596d7d38_TUoi,2026-09-27 17:27:45,TKc3DTHfxkVa1uV1JtK2fghMUyPf69pvZj,TUoixKFaWVsHxGWgnYyMzpkrT22YqU7VvH,48.0
a9264c043cb3985f5bce1046713a31212d41bd5b13826ad8d5ad83361d553627_TUoi,2026-09-27 17:27:45,TB8bRvvLzryRPiyM8ekvnHZ5vDJRJDzsdq,TUoixKFaWVsHxGWgnYyMzpkrT22YqU7VvH,2000.0
63fd9209e2a32bb7ed5b56f6d383ba588526251de9669c01c009273b14518274_TUoi,2026-09-27 17:27:45,TTRMwhxtUdgykYPoeq6eEUKLmj26Y4KtcG,TUoixKFaWVsHxGWgnYyMzpkrT22YqU7VvH,34.58
6cf83277edbaf1347433f6f770e9beea6ffe1f2a68c063fd0a04dab6fc5422ce_TUoi,2026-09-27 17:27:45,TMD8HYNC9o85u5YPKcvA8eD36mXd156ipi,TUoixKFaWVsHxGWgnYyMzpkrT22YqU7VvH,20.0
a7aa7e2ed852b7b07e94aa346a3242edbec356d417b20571dbbb1e2b90d97b5f_TUoi,2026-09-27 17:27:45,TTqr28DTetVFi3yWaiePmxEm8XmPLkrgua,TUoixKFaWVsHxGWgnYyMzpkrT22YqU7VvH,42.7
94c3089ce0f11ff6c6eaa6209c5eeca09d781685fbd7a6f015521e201065b1b3_TUoi,2026-09-27 17:27:45,TPmUabqo91JBxDFT8n1nUKLVDf3j3pRM98,TUoixKFaWVsHxGWgnYyMzpkrT22YqU7VvH,209.0
7072b010c37b37fa7b17d8fe7dcb6c80c0bc4d9da9316031cbc065beda8f1032_TUoi,2026-09-27 17:27:45,TGGy5atJCjrAECg5AeokAU1aoU6Yizv3fS,TUoixKFaWVsHxGWgnYyMzpkrT22YqU7VvH,800.0
76235dc759aef2ce5c6ddc643356f4c3dac3ddd7a9490c9c2411c8dd957f6e51_TUoi,2026-09-27 17:27:45,TMS2X9QuiKUCqYdpD2fEYL97dUSSpZmitK,TUoixKFaWVsHxGWgnYyMzpkrT22YqU7VvH,10000.0
48043f5350bbef240e223d8a4832e0fc654aeff558758471223b4777a513d656_TUoi,2026-09-27 17:27:45,TVba2TwzHk3ZWJbo6FVkH5xzrpNqTSh3oe,TUoixKFaWVsHxGWgnYyMzpkrT22YqU7VvH,188.09
45f9f92f057c3ae4df2dacfdcaf3d6c98815e20cc7c4bcabb316b105fcd83abf_TUoi,2026-09-27 17:27:45,TJRFUfQxhrmgV9MU6xA8YPcxaPgQTaYB3V,TUoixKFaWVsHxGWgnYyMzpkrT22YqU7VvH,1000.0
d3a88fe45314b1d780e1f3d9417755c2872a0fbaf1ef10f8db71ff1716815dc0_TUoi,2026-09-27 17:27:45,TXgEULsgReWMcuVd7CnKF5rKfQQZAH5LDM,TUoixKFaWVsHxGWgnYyMzpkrT22YqU7VvH,162.0
825e0524d91d4e6b1ec5023ed2b3f2594d6fbe4361a1f3fc52b3f133cbb07731_TUoi,2026-09-27 17:27:45,TJRewcn9rBBo2BTZ2sKYcXPZDEYPPW6ZZ5,TUoixKFaWVsHxGWgnYyMzpkrT22YqU7VvH,500.0
086aac208499d1063a3ae04e4d90d0dbba367c9187dcca96e33061598b5133e3_TUoi,2026-09-27 17:27:45,TZEQvGhY88AAVtPu18oxsWVKEBgWkzNb9s,TUoixKFaWVsHxGWgnYyMzpkrT22YqU7VvH,13.0
f602607b74f057dc6e918c704900f86d1f519415cee4ec734b2dd81cb882c3b2_TUoi,2026-09-27 17:27:45,TNviBTAmdtQC95oGA4YcWjmnVM19FLPQ4F,TUoixKFaWVsHxGWgnYyMzpkrT22YqU7VvH,11.0
8870266c5345701db294daaac5a00faef8fccc8066e9ca4e37079cfd8ce0800c_TUoi,2026-09-27 17:27:45,TPZtpy5j9FMj7XTcRM6Y7FtH5RitxgfxAG,TUoixKFaWVsHxGWgnYyMzpkrT22YqU7VvH,33.0
5f527218eb3821a6267f840af1bacb840983a609702f1bc19e704aeae628dbe5_TUoi,2026-09-27 17:27:45,TPzNu7UYjimTvNvkxGcHfThjmHNyfg9NsR,TUoixKFaWVsHxGWgnYyMzpkrT22YqU7VvH,500.0
751eac34f23cd0462b983d4f16ed7d9fc66c8d2f64d2595d0521a71b7a104429_TDpr,2026-09-27 17:27:46,TTDM55JbXKTyXyvzgYmztnxJ6VeE2Agqat,TDprk9jeYPVm6khkBp1u7fwuyJcEJFrPWD,9070.0
49226b490ff061c460d3e5df85970f6be361be4ca6420fb359c23e848da4a7ac_TDpr,2026-09-27 17:27:46,TP9hKLGJqiWk49yuz7z8vp7Nx1H2UDKsm9,TDprk9jeYPVm6khkBp1u7fwuyJcEJFrPWD,2200.0
c94fb7ffce2a221893388c8d9ef6d73e260303cca267261426062d85316633cb_TDpr,2026-09-27 17:27:46,TKNbFMmESGBGLQUAh76dEaExjG5hLvm4ve,TDprk9jeYPVm6khkBp1u7fwuyJcEJFrPWD,105.0
0170a3704de2a30264707a11ab4926744d5c7984dda438d63aa440c048a49344_TDpr,2026-09-27 17:27:46,TTswhmWoQUJ6ATCMX4dk8evBgX3FnNVA6t,TDprk9jeYPVm6khkBp1u7fwuyJcEJFrPWD,192.15
75908cabe4285da9590ef590bd793e6495ab312ebf8552eb2b1969bec5fc5eaf_TDpr,2026-09-27 17:27:46,TYsGgnyi2x1K1kpMKi2zpwTKdkGvTHM1xw,TDprk9jeYPVm6khkBp1u7fwuyJcEJFrPWD,49.1523
00c1ac28b9597f9f698bcf4f615abf837cc12c48280699d26f89de015202476c_TDpr,2026-09-27 17:27:46,TDZi3KaQ1nnbSVfj5gTxXDzoV2D6dZtvHz,TDprk9jeYPVm6khkBp1u7fwuyJcEJFrPWD,20.0
7a0f1eb40ba4a9fb0647c873081db24927e0f6dfb88e9d2901541800e58f9a00_TDpr,2026-09-27 17:27:46,TFSV575ttC3x3sKfSpJg6RKXmRcC3Y7MHU,TDprk9jeYPVm6khkBp1u7fwuyJcEJFrPWD,294.0
6fd0cecd6140367a73da10195e32098ce130e7ba94a3dc12304c0d0ba87c2fd1_TDpr,2026-09-27 17:27:46,TXyo3wgn8cpKfJpkcxn5sdBBm3bHb6vi8r,TDprk9jeYPVm6khkBp1u7fwuyJcEJFrPWD,114.0
29aea5384cecd19058895c81ec6a99442c58e261059f7015a223ce3c75e26fa0_TDpr,2026-09-27 17:27:46,TCtiJhUzbk8XnQQpfbDsfYCTxW6UYJ2S84,TDprk9jeYPVm6khkBp1u7fwuyJcEJFrPWD,2000.0
b80a7ef105a690fa8655a91b2d94420edfed31568b0785746c0468d6596d7d38_TDpr,2026-09-27 17:27:46,TKc3DTHfxkVa1uV1JtK2fghMUyPf69pvZj,TDprk9jeYPVm6khkBp1u7fwuyJcEJFrPWD,48.0
a9264c043cb3985f5bce1046713a31212d41bd5b13826ad8d5ad83361d553627_TDpr,2026-09-27 17:27:46,TB8bRvvLzryRPiyM8ekvnHZ5vDJRJDzsdq,TDprk9jeYPVm6khkBp1u7fwuyJcEJFrPWD,2000.0
63fd9209e2a32bb7ed5b56f6d383ba588526251de9669c01c009273b14518274_TDpr,2026-09-27 17:27:46,TTRMwhxtUdgykYPoeq6eEUKLmj26Y4KtcG,TDprk9jeYPVm6khkBp1u7fwuyJcEJFrPWD,34.58
6cf83277edbaf1347433f6f770e9beea6ffe1f2a68c063fd0a04dab6fc5422ce_TDpr,2026-09-27 17:27:46,TMD8HYNC9o85u5YPKcvA8eD36mXd156ipi,TDprk9jeYPVm6khkBp1u7fwuyJcEJFrPWD,20.0
a7aa7e2ed852b7b07e94aa346a3242edbec356d417b20571dbbb1e2b90d97b5f_TDpr,2026-09-27 17:27:46,TTqr28DTetVFi3yWaiePmxEm8XmPLkrgua,TDprk9jeYPVm6khkBp1u7fwuyJcEJFrPWD,42.7
94c3089ce0f11ff6c6eaa6209c5eeca09d781685fbd7a6f015521e201065b1b3_TDpr,2026-09-27 17:27:46,TPmUabqo91JBxDFT8n1nUKLVDf3j3pRM98,TDprk9jeYPVm6khkBp1u7fwuyJcEJFrPWD,209.0
7072b010c37b37fa7b17d8fe7dcb6c80c0bc4d9da9316031cbc065beda8f1032_TDpr,2026-09-27 17:27:46,TGGy5atJCjrAECg5AeokAU1aoU6Yizv3fS,TDprk9jeYPVm6khkBp1u7fwuyJcEJFrPWD,800.0
76235dc759aef2ce5c6ddc643356f4c3dac3ddd7a9490c9c2411c8dd957f6e51_TDpr,2026-09-27 17:27:46,TMS2X9QuiKUCqYdpD2fEYL97dUSSpZmitK,TDprk9jeYPVm6khkBp1u7fwuyJcEJFrPWD,10000.0
48043f5350bbef240e223d8a4832e0fc654aeff558758471223b4777a513d656_TDpr,2026-09-27 17:27:46,TVba2TwzHk3ZWJbo6FVkH5xzrpNqTSh3oe,TDprk9jeYPVm6khkBp1u7fwuyJcEJFrPWD,188.09
45f9f92f057c3ae4df2dacfdcaf3d6c98815e20cc7c4bcabb316b105fcd83abf_TDpr,2026-09-27 17:27:46,TJRFUfQxhrmgV9MU6xA8YPcxaPgQTaYB3V,TDprk9jeYPVm6khkBp1u7fwuyJcEJFrPWD,1000.0
d3a88fe45314b1d780e1f3d9417755c2872a0fbaf1ef10f8db71ff1716815dc0_TDpr,2026-09-27 17:27:46,TXgEULsgReWMcuVd7CnKF5rKfQQZAH5LDM,TDprk9jeYPVm6khkBp1u7fwuyJcEJFrPWD,162.0
825e0524d91d4e6b1ec5023ed2b3f2594d6fbe4361a1f3fc52b3f133cbb07731_TDpr,2026-09-27 17:27:46,TJRewcn9rBBo2BTZ2sKYcXPZDEYPPW6ZZ5,TDprk9jeYPVm6khkBp1u7fwuyJcEJFrPWD,500.0
086aac208499d1063a3ae04e4d90d0dbba367c9187dcca96e33061598b5133e3_TDpr,2026-09-27 17:27:46,TZEQvGhY88AAVtPu18oxsWVKEBgWkzNb9s,TDprk9jeYPVm6khkBp1u7fwuyJcEJFrPWD,13.0
f602607b74f057dc6e918c704900f86d1f519415cee4ec734b2dd81cb882c3b2_TDpr,2026-09-27 17:27:46,TNviBTAmdtQC95oGA4YcWjmnVM19FLPQ4F,TDprk9jeYPVm6khkBp1u7fwuyJcEJFrPWD,11.0
8870266c5345701db294daaac5a00faef8fccc8066e9ca4e37079cfd8ce0800c_TDpr,2026-09-27 17:27:46,TPZtpy5j9FMj7XTcRM6Y7FtH5RitxgfxAG,TDprk9jeYPVm6khkBp1u7fwuyJcEJFrPWD,33.0
5f527218eb3821a6267f840af1bacb840983a609702f1bc19e704aeae628dbe5_TDpr,2026-09-27 17:27:46,TPzNu7UYjimTvNvkxGcHfThjmHNyfg9NsR,TDprk9jeYPVm6khkBp1u7fwuyJcEJFrPWD,500.0
3b0340c2c913147244dde173ecf7989289c68f894188a4c8034491944f83b500_TMuC,2026-09-27 17:27:47,TWQZEUfSPuMYjm4oHvmsktYcjD6rc5yyWq,TMuCgBejD5RsNANZdjGtaM3YyKGNgDoy7N,2000.0
e05da39a8ba800b8687849c4c7bd32b667ddb0b71ae0d412801c0c18bd769e68_TMuC,2026-09-27 17:27:47,TCvDbiZkaxALggwZJ3jD1Yn3i3WwUELP4w,TMuCgBejD5RsNANZdjGtaM3YyKGNgDoy7N,17.912
e35ec5829a63875bb55c8065863a5ee507e1b28996659aff1161788471ddd336_TMuC,2026-09-27 17:27:47,TLaGjwhvA8XQYSxFAcAXy7Dvuue9eGYitv,TMuCgBejD5RsNANZdjGtaM3YyKGNgDoy7N,448.0
f4dee111e4b859cedc0acc4ccf50721972352cf717067021d032dd5759b8f43b_TMuC,2026-09-27 17:27:47,TYHP9LnmHmCcAkPp9h1NVLrpRh7xkhGjeA,TMuCgBejD5RsNANZdjGtaM3YyKGNgDoy7N,2000.0
363ed2a108e08c3613a30b459f4ad44bf340a13f11182645a849b28b00a520d8_TMuC,2026-09-27 17:27:47,TTMkAwKbtWHGMWekBVgLWze2VUU9EP4zUv,TMuCgBejD5RsNANZdjGtaM3YyKGNgDoy7N,1000.0
3fe7938039b2bd41cd0a49be36adcf0dfb4715a69c7b7bd13edcf43887f8ca69_TMuC,2026-09-27 17:27:47,TLaGjwhvA8XQYSxFAcAXy7Dvuue9eGYitv,TMuCgBejD5RsNANZdjGtaM3YyKGNgDoy7N,1001.0
37afad8fc29afd929e9ba2a9a7b3f1d056858f878a7d9b46771e14f66552bb37_TMuC,2026-09-27 17:27:47,TLaGjwhvA8XQYSxFAcAXy7Dvuue9eGYitv,TMuCgBejD5RsNANZdjGtaM3YyKGNgDoy7N,41.0
f12de8c5c7577ffb8f3bdf05d569e005f3b5248925e228c7dfa0c46343931213_TMuC,2026-09-27 17:27:47,TLaGjwhvA8XQYSxFAcAXy7Dvuue9eGYitv,TMuCgBejD5RsNANZdjGtaM3YyKGNgDoy7N,28.57
51adeafd38030df3e6ebc6dcb2ddac45965d8fc58bbeb121f47fc7ba265786b9_TMuC,2026-09-27 17:27:47,TL35HZKpE3VJ5HZUJsPy67DFiruLaeiMAL,TMuCgBejD5RsNANZdjGtaM3YyKGNgDoy7N,280000.0
a37e9be0f00e6e3c0acfc18269f92f10156c55bec6c08de27eb8dbd4da37ef92_TMuC,2026-09-27 17:27:47,TLaGjwhvA8XQYSxFAcAXy7Dvuue9eGYitv,TMuCgBejD5RsNANZdjGtaM3YyKGNgDoy7N,290.04
1daa00bd9b95a015c299a1252dba0cd092ba8c27ed28833cee9953e93cefb4e6_TMuC,2026-09-27 17:27:47,TLaGjwhvA8XQYSxFAcAXy7Dvuue9eGYitv,TMuCgBejD5RsNANZdjGtaM3YyKGNgDoy7N,75.56
4000d4dd1d7b88be0eb3adadab9c2fecc92931a306044eaffa9c0181fa815321_TMuC,2026-09-27 17:27:47,TLaGjwhvA8XQYSxFAcAXy7Dvuue9eGYitv,TMuCgBejD5RsNANZdjGtaM3YyKGNgDoy7N,565.0
77e30ebbea06dbdc28d6cc99be7a573129ca89c2eee36e034b0deaafe75ab3dc_TMuC,2026-09-27 17:27:47,TLaGjwhvA8XQYSxFAcAXy7Dvuue9eGYitv,TMuCgBejD5RsNANZdjGtaM3YyKGNgDoy7N,20000.0
10786730d5f19ff7817fc6b692e2213dacd2ea6879cb623d5e6df8d01388a012_TMuC,2026-09-27 17:27:47,TLaGjwhvA8XQYSxFAcAXy7Dvuue9eGYitv,TMuCgBejD5RsNANZdjGtaM3YyKGNgDoy7N,798.5
221820e13592f04edb01c4f9be4f9dcb1fb4edc5031aa9102196281d1d51829d_TMuC,2026-09-27 17:27:47,TUpDUxnFH6eH3Mt3mUvDRWHReJaFz7mJvg,TMuCgBejD5RsNANZdjGtaM3YyKGNgDoy7N,147.614
5091b2ce10b3bfc6fc58b92b63c9151f983428ef159ccf5d4cc662c72bcd88b4_TMuC,2026-09-27 17:27:47,TL1u34WMHdthTR5hVBxQY1CTpYYvGc2n28,TMuCgBejD5RsNANZdjGtaM3YyKGNgDoy7N,110.0
6fa6fc210288714a6cdb7981347ab39af2a67582a87bff78d478923fae0154ed_TMuC,2026-09-27 17:27:47,TLaGjwhvA8XQYSxFAcAXy7Dvuue9eGYitv,TMuCgBejD5RsNANZdjGtaM3YyKGNgDoy7N,5934.72
56090c26b60c77eede1c7b856af678406c84c0f05c98da93a35dcdc7c76b9a2b_TMuC,2026-09-27 17:27:47,TLaGjwhvA8XQYSxFAcAXy7Dvuue9eGYitv,TMuCgBejD5RsNANZdjGtaM3YyKGNgDoy7N,200.0
4b97fa016b28be94b3bf9a80439717d602ae8d1f1a79732b6ad64219cf1c737f_TMuC,2026-09-27 17:27:47,TWReoZVJVp7ZLrFch2y1Lxh4S57fRTy2eW,TMuCgBejD5RsNANZdjGtaM3YyKGNgDoy7N,509.36
750c30570625680fdac47b670ece3cd33b2e9c8f71d84d1ac56ce12aabd1fcfd_TMuC,2026-09-27 17:27:47,TLaGjwhvA8XQYSxFAcAXy7Dvuue9eGYitv,TMuCgBejD5RsNANZdjGtaM3YyKGNgDoy7N,100.0
c73b2e8fd29e15c7fc8e82ac463e0b9e7b2f45aef83f026b69eb58689601a3ae_TMuC,2026-09-27 17:27:47,TMNT24gTYD7UBMTj7pRgYuXd1T76mVgv8X,TMuCgBejD5RsNANZdjGtaM3YyKGNgDoy7N,445.0
3147a3b6c7027c32a3cdf4f87fc27ecd9fe191241df5cd3e11fc410afcb55598_TMuC,2026-09-27 17:27:47,TGaT2BLGXGQ69oocg8feSTZguS8JMtJcNm,TMuCgBejD5RsNANZdjGtaM3YyKGNgDoy7N,1500.0
699670f4fa27fbeeca91f6c0b76e85c84d45c921bf6c59143e10298b3628681f_TMuC,2026-09-27 17:27:47,TT1vVP5wUupqdzYZCBr2sBzr5DUx1wNHhW,TMuCgBejD5RsNANZdjGtaM3YyKGNgDoy7N,29.99
ec3ff972d5f9d478adca1f59e715289273b7e159cce539bcc3c01c100eff44b3_TMuC,2026-09-27 17:27:47,TX8juK2RR3aNrrqqzcGn438L19iAodyHao,TMuCgBejD5RsNANZdjGtaM3YyKGNgDoy7N,10100.0
7d96bbd20cca7ff2de9d0f03872e692de0128977f438797bde4d2e5a6a6e3235_TMuC,2026-09-27 17:27:47,TLk6ExmxUXCCBwtabXKGn6QsXmziaZAJDm,TMuCgBejD5RsNANZdjGtaM3YyKGNgDoy7N,381.1
3b0340c2c913147244dde173ecf7989289c68f894188a4c8034491944f83b500_TWPm,2026-09-27 17:27:47,TWQZEUfSPuMYjm4oHvmsktYcjD6rc5yyWq,TWPma8xH48AEN93x2krdukV9e1j6sPsBeS,2000.0
e05da39a8ba800b8687849c4c7bd32b667ddb0b71ae0d412801c0c18bd769e68_TWPm,2026-09-27 17:27:47,TCvDbiZkaxALggwZJ3jD1Yn3i3WwUELP4w,TWPma8xH48AEN93x2krdukV9e1j6sPsBeS,17.912
e35ec5829a63875bb55c8065863a5ee507e1b28996659aff1161788471ddd336_TWPm,2026-09-27 17:27:47,TLaGjwhvA8XQYSxFAcAXy7Dvuue9eGYitv,TWPma8xH48AEN93x2krdukV9e1j6sPsBeS,448.0
f4dee111e4b859cedc0acc4ccf50721972352cf717067021d032dd5759b8f43b_TWPm,2026-09-27 17:27:47,TYHP9LnmHmCcAkPp9h1NVLrpRh7xkhGjeA,TWPma8xH48AEN93x2krdukV9e1j6sPsBeS,2000.0
363ed2a108e08c3613a30b459f4ad44bf340a13f11182645a849b28b00a520d8_TWPm,2026-09-27 17:27:47,TTMkAwKbtWHGMWekBVgLWze2VUU9EP4zUv,TWPma8xH48AEN93x2krdukV9e1j6sPsBeS,1000.0
3fe7938039b2bd41cd0a49be36adcf0dfb4715a69c7b7bd13edcf43887f8ca69_TWPm,2026-09-27 17:27:47,TLaGjwhvA8XQYSxFAcAXy7Dvuue9eGYitv,TWPma8xH48AEN93x2krdukV9e1j6sPsBeS,1001.0
37afad8fc29afd929e9ba2a9a7b3f1d056858f878a7d9b46771e14f66552bb37_TWPm,2026-09-27 17:27:47,TLaGjwhvA8XQYSxFAcAXy7Dvuue9eGYitv,TWPma8xH48AEN93x2krdukV9e1j6sPsBeS,41.0
f12de8c5c7577ffb8f3bdf05d569e005f3b5248925e228c7dfa0c46343931213_TWPm,2026-09-27 17:27:47,TLaGjwhvA8XQYSxFAcAXy7Dvuue9eGYitv,TWPma8xH48AEN93x2krdukV9e1j6sPsBeS,28.57
51adeafd38030df3e6ebc6dcb2ddac45965d8fc58bbeb121f47fc7ba265786b9_TWPm,2026-09-27 17:27:47,TL35HZKpE3VJ5HZUJsPy67DFiruLaeiMAL,TWPma8xH48AEN93x2krdukV9e1j6sPsBeS,280000.0
a37e9be0f00e6e3c0acfc18269f92f10156c55bec6c08de27eb8dbd4da37ef92_TWPm,2026-09-27 17:27:47,TLaGjwhvA8XQYSxFAcAXy7Dvuue9eGYitv,TWPma8xH48AEN93x2krdukV9e1j6sPsBeS,290.04
1daa00bd9b95a015c299a1252dba0cd092ba8c27ed28833cee9953e93cefb4e6_TWPm,2026-09-27 17:27:47,TLaGjwhvA8XQYSxFAcAXy7Dvuue9eGYitv,TWPma8xH48AEN93x2krdukV9e1j6sPsBeS,75.56
4000d4dd1d7b88be0eb3adadab9c2fecc92931a306044eaffa9c0181fa815321_TWPm,2026-09-27 17:27:47,TLaGjwhvA8XQYSxFAcAXy7Dvuue9eGYitv,TWPma8xH48AEN93x2krdukV9e1j6sPsBeS,565.0
77e30ebbea06dbdc28d6cc99be7a573129ca89c2eee36e034b0deaafe75ab3dc_TWPm,2026-09-27 17:27:47,TLaGjwhvA8XQYSxFAcAXy7Dvuue9eGYitv,TWPma8xH48AEN93x2krdukV9e1j6sPsBeS,20000.0
10786730d5f19ff7817fc6b692e2213dacd2ea6879cb623d5e6df8d01388a012_TWPm,2026-09-27 17:27:47,TLaGjwhvA8XQYSxFAcAXy7Dvuue9eGYitv,TWPma8xH48AEN93x2krdukV9e1j6sPsBeS,798.5
221820e13592f04edb01c4f9be4f9dcb1fb4edc5031aa9102196281d1d51829d_TWPm,2026-09-27 17:27:47,TUpDUxnFH6eH3Mt3mUvDRWHReJaFz7mJvg,TWPma8xH48AEN93x2krdukV9e1j6sPsBeS,147.614
5091b2ce10b3bfc6fc58b92b63c9151f983428ef159ccf5d4cc662c72bcd88b4_TWPm,2026-09-27 17:27:47,TL1u34WMHdthTR5hVBxQY1CTpYYvGc2n28,TWPma8xH48AEN93x2krdukV9e1j6sPsBeS,110.0
6fa6fc210288714a6cdb7981347ab39af2a67582a87bff78d478923fae0154ed_TWPm,2026-09-27 17:27:47,TLaGjwhvA8XQYSxFAcAXy7Dvuue9eGYitv,TWPma8xH48AEN93x2krdukV9e1j6sPsBeS,5934.72
56090c26b60c77eede1c7b856af678406c84c0f05c98da93a35dcdc7c76b9a2b_TWPm,2026-09-27 17:27:47,TLaGjwhvA8XQYSxFAcAXy7Dvuue9eGYitv,TWPma8xH48AEN93x2krdukV9e1j6sPsBeS,200.0
4b97fa016b28be94b3bf9a80439717d602ae8d1f1a79732b6ad64219cf1c737f_TWPm,2026-09-27 17:27:47,TWReoZVJVp7ZLrFch2y1Lxh4S57fRTy2eW,TWPma8xH48AEN93x2krdukV9e1j6sPsBeS,509.36
750c30570625680fdac47b670ece3cd33b2e9c8f71d84d1ac56ce12aabd1fcfd_TWPm,2026-09-27 17:27:47,TLaGjwhvA8XQYSxFAcAXy7Dvuue9eGYitv,TWPma8xH48AEN93x2krdukV9e1j6sPsBeS,100.0
c73b2e8fd29e15c7fc8e82ac463e0b9e7b2f45aef83f026b69eb58689601a3ae_TWPm,2026-09-27 17:27:47,TMNT24gTYD7UBMTj7pRgYuXd1T76mVgv8X,TWPma8xH48AEN93x2krdukV9e1j6sPsBeS,445.0
3147a3b6c7027c32a3cdf4f87fc27ecd9fe191241df5cd3e11fc410afcb55598_TWPm,2026-09-27 17:27:47,TGaT2BLGXGQ69oocg8feSTZguS8JMtJcNm,TWPma8xH48AEN93x2krdukV9e1j6sPsBeS,1500.0
699670f4fa27fbeeca91f6c0b76e85c84d45c921bf6c59143e10298b3628681f_TWPm,2026-09-27 17:27:47,TT1vVP5wUupqdzYZCBr2sBzr5DUx1wNHhW,TWPma8xH48AEN93x2krdukV9e1j6sPsBeS,29.99
ec3ff972d5f9d478adca1f59e715289273b7e159cce539bcc3c01c100eff44b3_TWPm,2026-09-27 17:27:47,TX8juK2RR3aNrrqqzcGn438L19iAodyHao,TWPma8xH48AEN93x2krdukV9e1j6sPsBeS,10100.0
7d96bbd20cca7ff2de9d0f03872e692de0128977f438797bde4d2e5a6a6e3235_TWPm,2026-09-27 17:27:47,TLk6ExmxUXCCBwtabXKGn6QsXmziaZAJDm,TWPma8xH48AEN93x2krdukV9e1j6sPsBeS,381.1
3b0340c2c913147244dde173ecf7989289c68f894188a4c8034491944f83b500_TEFp,2026-09-27 17:27:48,TWQZEUfSPuMYjm4oHvmsktYcjD6rc5yyWq,TEFph7dZoUN5233cGEzF6XFwRpjPF8fQDS,2000.0
e05da39a8ba800b8687849c4c7bd32b667ddb0b71ae0d412801c0c18bd769e68_TEFp,2026-09-27 17:27:48,TCvDbiZkaxALggwZJ3jD1Yn3i3WwUELP4w,TEFph7dZoUN5233cGEzF6XFwRpjPF8fQDS,17.912
e35ec5829a63875bb55c8065863a5ee507e1b28996659aff1161788471ddd336_TEFp,2026-09-27 17:27:48,TLaGjwhvA8XQYSxFAcAXy7Dvuue9eGYitv,TEFph7dZoUN5233cGEzF6XFwRpjPF8fQDS,448.0
f4dee111e4b859cedc0acc4ccf50721972352cf717067021d032dd5759b8f43b_TEFp,2026-09-27 17:27:48,TYHP9LnmHmCcAkPp9h1NVLrpRh7xkhGjeA,TEFph7dZoUN5233cGEzF6XFwRpjPF8fQDS,2000.0
363ed2a108e08c3613a30b459f4ad44bf340a13f11182645a849b28b00a520d8_TEFp,2026-09-27 17:27:48,TTMkAwKbtWHGMWekBVgLWze2VUU9EP4zUv,TEFph7dZoUN5233cGEzF6XFwRpjPF8fQDS,1000.0
3fe7938039b2bd41cd0a49be36adcf0dfb4715a69c7b7bd13edcf43887f8ca69_TEFp,2026-09-27 17:27:48,TLaGjwhvA8XQYSxFAcAXy7Dvuue9eGYitv,TEFph7dZoUN5233cGEzF6XFwRpjPF8fQDS,1001.0
37afad8fc29afd929e9ba2a9a7b3f1d056858f878a7d9b46771e14f66552bb37_TEFp,2026-09-27 17:27:48,TLaGjwhvA8XQYSxFAcAXy7Dvuue9eGYitv,TEFph7dZoUN5233cGEzF6XFwRpjPF8fQDS,41.0
f12de8c5c7577ffb8f3bdf05d569e005f3b5248925e228c7dfa0c46343931213_TEFp,2026-09-27 17:27:48,TLaGjwhvA8XQYSxFAcAXy7Dvuue9eGYitv,TEFph7dZoUN5233cGEzF6XFwRpjPF8fQDS,28.57
51adeafd38030df3e6ebc6dcb2ddac45965d8fc58bbeb121f47fc7ba265786b9_TEFp,2026-09-27 17:27:48,TL35HZKpE3VJ5HZUJsPy67DFiruLaeiMAL,TEFph7dZoUN5233cGEzF6XFwRpjPF8fQDS,280000.0
a37e9be0f00e6e3c0acfc18269f92f10156c55bec6c08de27eb8dbd4da37ef92_TEFp,2026-09-27 17:27:48,TLaGjwhvA8XQYSxFAcAXy7Dvuue9eGYitv,TEFph7dZoUN5233cGEzF6XFwRpjPF8fQDS,290.04
1daa00bd9b95a015c299a1252dba0cd092ba8c27ed28833cee9953e93cefb4e6_TEFp,2026-09-27 17:27:48,TLaGjwhvA8XQYSxFAcAXy7Dvuue9eGYitv,TEFph7dZoUN5233cGEzF6XFwRpjPF8fQDS,75.56
4000d4dd1d7b88be0eb3adadab9c2fecc92931a306044eaffa9c0181fa815321_TEFp,2026-09-27 17:27:48,TLaGjwhvA8XQYSxFAcAXy7Dvuue9eGYitv,TEFph7dZoUN5233cGEzF6XFwRpjPF8fQDS,565.0
77e30ebbea06dbdc28d6cc99be7a573129ca89c2eee36e034b0deaafe75ab3dc_TEFp,2026-09-27 17:27:48,TLaGjwhvA8XQYSxFAcAXy7Dvuue9eGYitv,TEFph7dZoUN5233cGEzF6XFwRpjPF8fQDS,20000.0
10786730d5f19ff7817fc6b692e2213dacd2ea6879cb623d5e6df8d01388a012_TEFp,2026-09-27 17:27:48,TLaGjwhvA8XQYSxFAcAXy7Dvuue9eGYitv,TEFph7dZoUN5233cGEzF6XFwRpjPF8fQDS,798.5
221820e13592f04edb01c4f9be4f9dcb1fb4edc5031aa9102196281d1d51829d_TEFp,2026-09-27 17:27:48,TUpDUxnFH6eH3Mt3mUvDRWHReJaFz7mJvg,TEFph7dZoUN5233cGEzF6XFwRpjPF8fQDS,147.614
5091b2ce10b3bfc6fc58b92b63c9151f983428ef159ccf5d4cc662c72bcd88b4_TEFp,2026-09-27 17:27:48,TL1u34WMHdthTR5hVBxQY1CTpYYvGc2n28,TEFph7dZoUN5233cGEzF6XFwRpjPF8fQDS,110.0
6fa6fc210288714a6cdb7981347ab39af2a67582a87bff78d478923fae0154ed_TEFp,2026-09-27 17:27:48,TLaGjwhvA8XQYSxFAcAXy7Dvuue9eGYitv,TEFph7dZoUN5233cGEzF6XFwRpjPF8fQDS,5934.72
56090c26b60c77eede1c7b856af678406c84c0f05c98da93a35dcdc7c76b9a2b_TEFp,2026-09-27 17:27:48,TLaGjwhvA8XQYSxFAcAXy7Dvuue9eGYitv,TEFph7dZoUN5233cGEzF6XFwRpjPF8fQDS,200.0
4b97fa016b28be94b3bf9a80439717d602ae8d1f1a79732b6ad64219cf1c737f_TEFp,2026-09-27 17:27:48,TWReoZVJVp7ZLrFch2y1Lxh4S57fRTy2eW,TEFph7dZoUN5233cGEzF6XFwRpjPF8fQDS,509.36
750c30570625680fdac47b670ece3cd33b2e9c8f71d84d1ac56ce12aabd1fcfd_TEFp,2026-09-27 17:27:48,TLaGjwhvA8XQYSxFAcAXy7Dvuue9eGYitv,TEFph7dZoUN5233cGEzF6XFwRpjPF8fQDS,100.0
c73b2e8fd29e15c7fc8e82ac463e0b9e7b2f45aef83f026b69eb58689601a3ae_TEFp,2026-09-27 17:27:48,TMNT24gTYD7UBMTj7pRgYuXd1T76mVgv8X,TEFph7dZoUN5233cGEzF6XFwRpjPF8fQDS,445.0
3147a3b6c7027c32a3cdf4f87fc27ecd9fe191241df5cd3e11fc410afcb55598_TEFp,2026-09-27 17:27:48,TGaT2BLGXGQ69oocg8feSTZguS8JMtJcNm,TEFph7dZoUN5233cGEzF6XFwRpjPF8fQDS,1500.0
699670f4fa27fbeeca91f6c0b76e85c84d45c921bf6c59143e10298b3628681f_TEFp,2026-09-27 17:27:48,TT1vVP5wUupqdzYZCBr2sBzr5DUx1wNHhW,TEFph7dZoUN5233cGEzF6XFwRpjPF8fQDS,29.99
ec3ff972d5f9d478adca1f59e715289273b7e159cce539bcc3c01c100eff44b3_TEFp,2026-09-27 17:27:48,TX8juK2RR3aNrrqqzcGn438L19iAodyHao,TEFph7dZoUN5233cGEzF6XFwRpjPF8fQDS,10100.0
7d96bbd20cca7ff2de9d0f03872e692de0128977f438797bde4d2e5a6a6e3235_TEFp,2026-09-27 17:27:48,TLk6ExmxUXCCBwtabXKGn6QsXmziaZAJDm,TEFph7dZoUN5233cGEzF6XFwRpjPF8fQDS,381.1
3b0340c2c913147244dde173ecf7989289c68f894188a4c8034491944f83b500_TBWR,2026-09-27 17:27:48,TWQZEUfSPuMYjm4oHvmsktYcjD6rc5yyWq,TBWRDpQsW1ZVPGGaBAwVLNb7iqmVBuM1nj,2000.0
e05da39a8ba800b8687849c4c7bd32b667ddb0b71ae0d412801c0c18bd769e68_TBWR,2026-09-27 17:27:48,TCvDbiZkaxALggwZJ3jD1Yn3i3WwUELP4w,TBWRDpQsW1ZVPGGaBAwVLNb7iqmVBuM1nj,17.912
e35ec5829a63875bb55c8065863a5ee507e1b28996659aff1161788471ddd336_TBWR,2026-09-27 17:27:48,TLaGjwhvA8XQYSxFAcAXy7Dvuue9eGYitv,TBWRDpQsW1ZVPGGaBAwVLNb7iqmVBuM1nj,448.0
f4dee111e4b859cedc0acc4ccf50721972352cf717067021d032dd5759b8f43b_TBWR,2026-09-27 17:27:48,TYHP9LnmHmCcAkPp9h1NVLrpRh7xkhGjeA,TBWRDpQsW1ZVPGGaBAwVLNb7iqmVBuM1nj,2000.0
363ed2a108e08c3613a30b459f4ad44bf340a13f11182645a849b28b00a520d8_TBWR,2026-09-27 17:27:48,TTMkAwKbtWHGMWekBVgLWze2VUU9EP4zUv,TBWRDpQsW1ZVPGGaBAwVLNb7iqmVBuM1nj,1000.0
3fe7938039b2bd41cd0a49be36adcf0dfb4715a69c7b7bd13edcf43887f8ca69_TBWR,2026-09-27 17:27:48,TLaGjwhvA8XQYSxFAcAXy7Dvuue9eGYitv,TBWRDpQsW1ZVPGGaBAwVLNb7iqmVBuM1nj,1001.0
37afad8fc29afd929e9ba2a9a7b3f1d056858f878a7d9b46771e14f66552bb37_TBWR,2026-09-27 17:27:48,TLaGjwhvA8XQYSxFAcAXy7Dvuue9eGYitv,TBWRDpQsW1ZVPGGaBAwVLNb7iqmVBuM1nj,41.0
f12de8c5c7577ffb8f3bdf05d569e005f3b5248925e228c7dfa0c46343931213_TBWR,2026-09-27 17:27:48,TLaGjwhvA8XQYSxFAcAXy7Dvuue9eGYitv,TBWRDpQsW1ZVPGGaBAwVLNb7iqmVBuM1nj,28.57
51adeafd38030df3e6ebc6dcb2ddac45965d8fc58bbeb121f47fc7ba265786b9_TBWR,2026-09-27 17:27:48,TL35HZKpE3VJ5HZUJsPy67DFiruLaeiMAL,TBWRDpQsW1ZVPGGaBAwVLNb7iqmVBuM1nj,280000.0
a37e9be0f00e6e3c0acfc18269f92f10156c55bec6c08de27eb8dbd4da37ef92_TBWR,2026-09-27 17:27:48,TLaGjwhvA8XQYSxFAcAXy7Dvuue9eGYitv,TBWRDpQsW1ZVPGGaBAwVLNb7iqmVBuM1nj,290.04
1daa00bd9b95a015c299a1252dba0cd092ba8c27ed28833cee9953e93cefb4e6_TBWR,2026-09-27 17:27:48,TLaGjwhvA8XQYSxFAcAXy7Dvuue9eGYitv,TBWRDpQsW1ZVPGGaBAwVLNb7iqmVBuM1nj,75.56
4000d4dd1d7b88be0eb3adadab9c2fecc92931a306044eaffa9c0181fa815321_TBWR,2026-09-27 17:27:48,TLaGjwhvA8XQYSxFAcAXy7Dvuue9eGYitv,TBWRDpQsW1ZVPGGaBAwVLNb7iqmVBuM1nj,565.0
77e30ebbea06dbdc28d6cc99be7a573129ca89c2eee36e034b0deaafe75ab3dc_TBWR,2026-09-27 17:27:48,TLaGjwhvA8XQYSxFAcAXy7Dvuue9eGYitv,TBWRDpQsW1ZVPGGaBAwVLNb7iqmVBuM1nj,20000.0
10786730d5f19ff7817fc6b692e2213dacd2ea6879cb623d5e6df8d01388a012_TBWR,2026-09-27 17:27:48,TLaGjwhvA8XQYSxFAcAXy7Dvuue9eGYitv,TBWRDpQsW1ZVPGGaBAwVLNb7iqmVBuM1nj,798.5
221820e13592f04edb01c4f9be4f9dcb1fb4edc5031aa9102196281d1d51829d_TBWR,2026-09-27 17:27:48,TUpDUxnFH6eH3Mt3mUvDRWHReJaFz7mJvg,TBWRDpQsW1ZVPGGaBAwVLNb7iqmVBuM1nj,147.614
5091b2ce10b3bfc6fc58b92b63c9151f983428ef159ccf5d4cc662c72bcd88b4_TBWR,2026-09-27 17:27:48,TL1u34WMHdthTR5hVBxQY1CTpYYvGc2n28,TBWRDpQsW1ZVPGGaBAwVLNb7iqmVBuM1nj,110.0
6fa6fc210288714a6cdb7981347ab39af2a67582a87bff78d478923fae0154ed_TBWR,2026-09-27 17:27:48,TLaGjwhvA8XQYSxFAcAXy7Dvuue9eGYitv,TBWRDpQsW1ZVPGGaBAwVLNb7iqmVBuM1nj,5934.72
56090c26b60c77eede1c7b856af678406c84c0f05c98da93a35dcdc7c76b9a2b_TBWR,2026-09-27 17:27:48,TLaGjwhvA8XQYSxFAcAXy7Dvuue9eGYitv,TBWRDpQsW1ZVPGGaBAwVLNb7iqmVBuM1nj,200.0
4b97fa016b28be94b3bf9a80439717d602ae8d1f1a79732b6ad64219cf1c737f_TBWR,2026-09-27 17:27:48,TWReoZVJVp7ZLrFch2y1Lxh4S57fRTy2eW,TBWRDpQsW1ZVPGGaBAwVLNb7iqmVBuM1nj,509.36
750c30570625680fdac47b670ece3cd33b2e9c8f71d84d1ac56ce12aabd1fcfd_TBWR,2026-09-27 17:27:48,TLaGjwhvA8XQYSxFAcAXy7Dvuue9eGYitv,TBWRDpQsW1ZVPGGaBAwVLNb7iqmVBuM1nj,100.0
c73b2e8fd29e15c7fc8e82ac463e0b9e7b2f45aef83f026b69eb58689601a3ae_TBWR,2026-09-27 17:27:48,TMNT24gTYD7UBMTj7pRgYuXd1T76mVgv8X,TBWRDpQsW1ZVPGGaBAwVLNb7iqmVBuM1nj,445.0
3147a3b6c7027c32a3cdf4f87fc27ecd9fe191241df5cd3e11fc410afcb55598_TBWR,2026-09-27 17:27:48,TGaT2BLGXGQ69oocg8feSTZguS8JMtJcNm,TBWRDpQsW1ZVPGGaBAwVLNb7iqmVBuM1nj,1500.0
699670f4fa27fbeeca91f6c0b76e85c84d45c921bf6c59143e10298b3628681f_TBWR,2026-09-27 17:27:48,TT1vVP5wUupqdzYZCBr2sBzr5DUx1wNHhW,TBWRDpQsW1ZVPGGaBAwVLNb7iqmVBuM1nj,29.99
ec3ff972d5f9d478adca1f59e715289273b7e159cce539bcc3c01c100eff44b3_TBWR,2026-09-27 17:27:48,TX8juK2RR3aNrrqqzcGn438L19iAodyHao,TBWRDpQsW1ZVPGGaBAwVLNb7iqmVBuM1nj,10100.0
7d96bbd20cca7ff2de9d0f03872e692de0128977f438797bde4d2e5a6a6e3235_TBWR,2026-09-27 17:27:48,TLk6ExmxUXCCBwtabXKGn6QsXmziaZAJDm,TBWRDpQsW1ZVPGGaBAwVLNb7iqmVBuM1nj,381.1
3b0340c2c913147244dde173ecf7989289c68f894188a4c8034491944f83b500_TBwg,2026-09-27 17:27:49,TWQZEUfSPuMYjm4oHvmsktYcjD6rc5yyWq,TBwghbQMsBC5xcUxE7ZpYXhfDMXZAfiFv6,2000.0
e05da39a8ba800b8687849c4c7bd32b667ddb0b71ae0d412801c0c18bd769e68_TBwg,2026-09-27 17:27:49,TCvDbiZkaxALggwZJ3jD1Yn3i3WwUELP4w,TBwghbQMsBC5xcUxE7ZpYXhfDMXZAfiFv6,17.912
e35ec5829a63875bb55c8065863a5ee507e1b28996659aff1161788471ddd336_TBwg,2026-09-27 17:27:49,TLaGjwhvA8XQYSxFAcAXy7Dvuue9eGYitv,TBwghbQMsBC5xcUxE7ZpYXhfDMXZAfiFv6,448.0
f4dee111e4b859cedc0acc4ccf50721972352cf717067021d032dd5759b8f43b_TBwg,2026-09-27 17:27:49,TYHP9LnmHmCcAkPp9h1NVLrpRh7xkhGjeA,TBwghbQMsBC5xcUxE7ZpYXhfDMXZAfiFv6,2000.0
363ed2a108e08c3613a30b459f4ad44bf340a13f11182645a849b28b00a520d8_TBwg,2026-09-27 17:27:49,TTMkAwKbtWHGMWekBVgLWze2VUU9EP4zUv,TBwghbQMsBC5xcUxE7ZpYXhfDMXZAfiFv6,1000.0
3fe7938039b2bd41cd0a49be36adcf0dfb4715a69c7b7bd13edcf43887f8ca69_TBwg,2026-09-27 17:27:49,TLaGjwhvA8XQYSxFAcAXy7Dvuue9eGYitv,TBwghbQMsBC5xcUxE7ZpYXhfDMXZAfiFv6,1001.0
37afad8fc29afd929e9ba2a9a7b3f1d056858f878a7d9b46771e14f66552bb37_TBwg,2026-09-27 17:27:49,TLaGjwhvA8XQYSxFAcAXy7Dvuue9eGYitv,TBwghbQMsBC5xcUxE7ZpYXhfDMXZAfiFv6,41.0
f12de8c5c7577ffb8f3bdf05d569e005f3b5248925e228c7dfa0c46343931213_TBwg,2026-09-27 17:27:49,TLaGjwhvA8XQYSxFAcAXy7Dvuue9eGYitv,TBwghbQMsBC5xcUxE7ZpYXhfDMXZAfiFv6,28.57
51adeafd38030df3e6ebc6dcb2ddac45965d8fc58bbeb121f47fc7ba265786b9_TBwg,2026-09-27 17:27:49,TL35HZKpE3VJ5HZUJsPy67DFiruLaeiMAL,TBwghbQMsBC5xcUxE7ZpYXhfDMXZAfiFv6,280000.0
a37e9be0f00e6e3c0acfc18269f92f10156c55bec6c08de27eb8dbd4da37ef92_TBwg,2026-09-27 17:27:49,TLaGjwhvA8XQYSxFAcAXy7Dvuue9eGYitv,TBwghbQMsBC5xcUxE7ZpYXhfDMXZAfiFv6,290.04
1daa00bd9b95a015c299a1252dba0cd092ba8c27ed28833cee9953e93cefb4e6_TBwg,2026-09-27 17:27:49,TLaGjwhvA8XQYSxFAcAXy7Dvuue9eGYitv,TBwghbQMsBC5xcUxE7ZpYXhfDMXZAfiFv6,75.56
4000d4dd1d7b88be0eb3adadab9c2fecc92931a306044eaffa9c0181fa815321_TBwg,2026-09-27 17:27:49,TLaGjwhvA8XQYSxFAcAXy7Dvuue9eGYitv,TBwghbQMsBC5xcUxE7ZpYXhfDMXZAfiFv6,565.0
77e30ebbea06dbdc28d6cc99be7a573129ca89c2eee36e034b0deaafe75ab3dc_TBwg,2026-09-27 17:27:49,TLaGjwhvA8XQYSxFAcAXy7Dvuue9eGYitv,TBwghbQMsBC5xcUxE7ZpYXhfDMXZAfiFv6,20000.0
10786730d5f19ff7817fc6b692e2213dacd2ea6879cb623d5e6df8d01388a012_TBwg,2026-09-27 17:27:49,TLaGjwhvA8XQYSxFAcAXy7Dvuue9eGYitv,TBwghbQMsBC5xcUxE7ZpYXhfDMXZAfiFv6,798.5
221820e13592f04edb01c4f9be4f9dcb1fb4edc5031aa9102196281d1d51829d_TBwg,2026-09-27 17:27:49,TUpDUxnFH6eH3Mt3mUvDRWHReJaFz7mJvg,TBwghbQMsBC5xcUxE7ZpYXhfDMXZAfiFv6,147.614
5091b2ce10b3bfc6fc58b92b63c9151f983428ef159ccf5d4cc662c72bcd88b4_TBwg,2026-09-27 17:27:49,TL1u34WMHdthTR5hVBxQY1CTpYYvGc2n28,TBwghbQMsBC5xcUxE7ZpYXhfDMXZAfiFv6,110.0
6fa6fc210288714a6cdb7981347ab39af2a67582a87bff78d478923fae0154ed_TBwg,2026-09-27 17:27:49,TLaGjwhvA8XQYSxFAcAXy7Dvuue9eGYitv,TBwghbQMsBC5xcUxE7ZpYXhfDMXZAfiFv6,5934.72
56090c26b60c77eede1c7b856af678406c84c0f05c98da93a35dcdc7c76b9a2b_TBwg,2026-09-27 17:27:49,TLaGjwhvA8XQYSxFAcAXy7Dvuue9eGYitv,TBwghbQMsBC5xcUxE7ZpYXhfDMXZAfiFv6,200.0
4b97fa016b28be94b3bf9a80439717d602ae8d1f1a79732b6ad64219cf1c737f_TBwg,2026-09-27 17:27:49,TWReoZVJVp7ZLrFch2y1Lxh4S57fRTy2eW,TBwghbQMsBC5xcUxE7ZpYXhfDMXZAfiFv6,509.36
750c30570625680fdac47b670ece3cd33b2e9c8f71d84d1ac56ce12aabd1fcfd_TBwg,2026-09-27 17:27:49,TLaGjwhvA8XQYSxFAcAXy7Dvuue9eGYitv,TBwghbQMsBC5xcUxE7ZpYXhfDMXZAfiFv6,100.0
c73b2e8fd29e15c7fc8e82ac463e0b9e7b2f45aef83f026b69eb58689601a3ae_TBwg,2026-09-27 17:27:49,TMNT24gTYD7UBMTj7pRgYuXd1T76mVgv8X,TBwghbQMsBC5xcUxE7ZpYXhfDMXZAfiFv6,445.0
3147a3b6c7027c32a3cdf4f87fc27ecd9fe191241df5cd3e11fc410afcb55598_TBwg,2026-09-27 17:27:49,TGaT2BLGXGQ69oocg8feSTZguS8JMtJcNm,TBwghbQMsBC5xcUxE7ZpYXhfDMXZAfiFv6,1500.0
699670f4fa27fbeeca91f6c0b76e85c84d45c921bf6c59143e10298b3628681f_TBwg,2026-09-27 17:27:49,TT1vVP5wUupqdzYZCBr2sBzr5DUx1wNHhW,TBwghbQMsBC5xcUxE7ZpYXhfDMXZAfiFv6,29.99
ec3ff972d5f9d478adca1f59e715289273b7e159cce539bcc3c01c100eff44b3_TBwg,2026-09-27 17:27:49,TX8juK2RR3aNrrqqzcGn438L19iAodyHao,TBwghbQMsBC5xcUxE7ZpYXhfDMXZAfiFv6,10100.0
7d96bbd20cca7ff2de9d0f03872e692de0128977f438797bde4d2e5a6a6e3235_TBwg,2026-09-27 17:27:49,TLk6ExmxUXCCBwtabXKGn6QsXmziaZAJDm,TBwghbQMsBC5xcUxE7ZpYXhfDMXZAfiFv6,381.1
3b0340c2c913147244dde173ecf7989289c68f894188a4c8034491944f83b500_TLoG,2026-09-27 17:27:49,TWQZEUfSPuMYjm4oHvmsktYcjD6rc5yyWq,TLoG3vbjDgqmTD5bM7w9rMgA6ysaNReuRy,2000.0
e05da39a8ba800b8687849c4c7bd32b667ddb0b71ae0d412801c0c18bd769e68_TLoG,2026-09-27 17:27:49,TCvDbiZkaxALggwZJ3jD1Yn3i3WwUELP4w,TLoG3vbjDgqmTD5bM7w9rMgA6ysaNReuRy,17.912
e35ec5829a63875bb55c8065863a5ee507e1b28996659aff1161788471ddd336_TLoG,2026-09-27 17:27:49,TLaGjwhvA8XQYSxFAcAXy7Dvuue9eGYitv,TLoG3vbjDgqmTD5bM7w9rMgA6ysaNReuRy,448.0
f4dee111e4b859cedc0acc4ccf50721972352cf717067021d032dd5759b8f43b_TLoG,2026-09-27 17:27:49,TYHP9LnmHmCcAkPp9h1NVLrpRh7xkhGjeA,TLoG3vbjDgqmTD5bM7w9rMgA6ysaNReuRy,2000.0
363ed2a108e08c3613a30b459f4ad44bf340a13f11182645a849b28b00a520d8_TLoG,2026-09-27 17:27:49,TTMkAwKbtWHGMWekBVgLWze2VUU9EP4zUv,TLoG3vbjDgqmTD5bM7w9rMgA6ysaNReuRy,1000.0
3fe7938039b2bd41cd0a49be36adcf0dfb4715a69c7b7bd13edcf43887f8ca69_TLoG,2026-09-27 17:27:49,TLaGjwhvA8XQYSxFAcAXy7Dvuue9eGYitv,TLoG3vbjDgqmTD5bM7w9rMgA6ysaNReuRy,1001.0
37afad8fc29afd929e9ba2a9a7b3f1d056858f878a7d9b46771e14f66552bb37_TLoG,2026-09-27 17:27:49,TLaGjwhvA8XQYSxFAcAXy7Dvuue9eGYitv,TLoG3vbjDgqmTD5bM7w9rMgA6ysaNReuRy,41.0
f12de8c5c7577ffb8f3bdf05d569e005f3b5248925e228c7dfa0c46343931213_TLoG,2026-09-27 17:27:49,TLaGjwhvA8XQYSxFAcAXy7Dvuue9eGYitv,TLoG3vbjDgqmTD5bM7w9rMgA6ysaNReuRy,28.57
51adeafd38030df3e6ebc6dcb2ddac45965d8fc58bbeb121f47fc7ba265786b9_TLoG,2026-09-27 17:27:49,TL35HZKpE3VJ5HZUJsPy67DFiruLaeiMAL,TLoG3vbjDgqmTD5bM7w9rMgA6ysaNReuRy,280000.0
a37e9be0f00e6e3c0acfc18269f92f10156c55bec6c08de27eb8dbd4da37ef92_TLoG,2026-09-27 17:27:49,TLaGjwhvA8XQYSxFAcAXy7Dvuue9eGYitv,TLoG3vbjDgqmTD5bM7w9rMgA6ysaNReuRy,290.04
1daa00bd9b95a015c299a1252dba0cd092ba8c27ed28833cee9953e93cefb4e6_TLoG,2026-09-27 17:27:49,TLaGjwhvA8XQYSxFAcAXy7Dvuue9eGYitv,TLoG3vbjDgqmTD5bM7w9rMgA6ysaNReuRy,75.56
4000d4dd1d7b88be0eb3adadab9c2fecc92931a306044eaffa9c0181fa815321_TLoG,2026-09-27 17:27:49,TLaGjwhvA8XQYSxFAcAXy7Dvuue9eGYitv,TLoG3vbjDgqmTD5bM7w9rMgA6ysaNReuRy,565.0
77e30ebbea06dbdc28d6cc99be7a573129ca89c2eee36e034b0deaafe75ab3dc_TLoG,2026-09-27 17:27:49,TLaGjwhvA8XQYSxFAcAXy7Dvuue9eGYitv,TLoG3vbjDgqmTD5bM7w9rMgA6ysaNReuRy,20000.0
10786730d5f19ff7817fc6b692e2213dacd2ea6879cb623d5e6df8d01388a012_TLoG,2026-09-27 17:27:49,TLaGjwhvA8XQYSxFAcAXy7Dvuue9eGYitv,TLoG3vbjDgqmTD5bM7w9rMgA6ysaNReuRy,798.5
221820e13592f04edb01c4f9be4f9dcb1fb4edc5031aa9102196281d1d51829d_TLoG,2026-09-27 17:27:49,TUpDUxnFH6eH3Mt3mUvDRWHReJaFz7mJvg,TLoG3vbjDgqmTD5bM7w9rMgA6ysaNReuRy,147.614
5091b2ce10b3bfc6fc58b92b63c9151f983428ef159ccf5d4cc662c72bcd88b4_TLoG,2026-09-27 17:27:49,TL1u34WMHdthTR5hVBxQY1CTpYYvGc2n28,TLoG3vbjDgqmTD5bM7w9rMgA6ysaNReuRy,110.0
6fa6fc210288714a6cdb7981347ab39af2a67582a87bff78d478923fae0154ed_TLoG,2026-09-27 17:27:49,TLaGjwhvA8XQYSxFAcAXy7Dvuue9eGYitv,TLoG3vbjDgqmTD5bM7w9rMgA6ysaNReuRy,5934.72
56090c26b60c77eede1c7b856af678406c84c0f05c98da93a35dcdc7c76b9a2b_TLoG,2026-09-27 17:27:49,TLaGjwhvA8XQYSxFAcAXy7Dvuue9eGYitv,TLoG3vbjDgqmTD5bM7w9rMgA6ysaNReuRy,200.0
4b97fa016b28be94b3bf9a80439717d602ae8d1f1a79732b6ad64219cf1c737f_TLoG,2026-09-27 17:27:49,TWReoZVJVp7ZLrFch2y1Lxh4S57fRTy2eW,TLoG3vbjDgqmTD5bM7w9rMgA6ysaNReuRy,509.36
750c30570625680fdac47b670ece3cd33b2e9c8f71d84d1ac56ce12aabd1fcfd_TLoG,2026-09-27 17:27:49,TLaGjwhvA8XQYSxFAcAXy7Dvuue9eGYitv,TLoG3vbjDgqmTD5bM7w9rMgA6ysaNReuRy,100.0
c73b2e8fd29e15c7fc8e82ac463e0b9e7b2f45aef83f026b69eb58689601a3ae_TLoG,2026-09-27 17:27:49,TMNT24gTYD7UBMTj7pRgYuXd1T76mVgv8X,TLoG3vbjDgqmTD5bM7w9rMgA6ysaNReuRy,445.0
3147a3b6c7027c32a3cdf4f87fc27ecd9fe191241df5cd3e11fc410afcb55598_TLoG,2026-09-27 17:27:49,TGaT2BLGXGQ69oocg8feSTZguS8JMtJcNm,TLoG3vbjDgqmTD5bM7w9rMgA6ysaNReuRy,1500.0
699670f4fa27fbeeca91f6c0b76e85c84d45c921bf6c59143e10298b3628681f_TLoG,2026-09-27 17:27:49,TT1vVP5wUupqdzYZCBr2sBzr5DUx1wNHhW,TLoG3vbjDgqmTD5bM7w9rMgA6ysaNReuRy,29.99
ec3ff972d5f9d478adca1f59e715289273b7e159cce539bcc3c01c100eff44b3_TLoG,2026-09-27 17:27:49,TX8juK2RR3aNrrqqzcGn438L19iAodyHao,TLoG3vbjDgqmTD5bM7w9rMgA6ysaNReuRy,10100.0
7d96bbd20cca7ff2de9d0f03872e692de0128977f438797bde4d2e5a6a6e3235_TLoG,2026-09-27 17:27:49,TLk6ExmxUXCCBwtabXKGn6QsXmziaZAJDm,TLoG3vbjDgqmTD5bM7w9rMgA6ysaNReuRy,381.1
3b0340c2c913147244dde173ecf7989289c68f894188a4c8034491944f83b500_TAoL,2026-09-27 17:27:50,TWQZEUfSPuMYjm4oHvmsktYcjD6rc5yyWq,TAoLw5yD5XUoHWeBZRSZ1ExK9HMv2CiPvP,2000.0
e05da39a8ba800b8687849c4c7bd32b667ddb0b71ae0d412801c0c18bd769e68_TAoL,2026-09-27 17:27:50,TCvDbiZkaxALggwZJ3jD1Yn3i3WwUELP4w,TAoLw5yD5XUoHWeBZRSZ1ExK9HMv2CiPvP,17.912
e35ec5829a63875bb55c8065863a5ee507e1b28996659aff1161788471ddd336_TAoL,2026-09-27 17:27:50,TLaGjwhvA8XQYSxFAcAXy7Dvuue9eGYitv,TAoLw5yD5XUoHWeBZRSZ1ExK9HMv2CiPvP,448.0
f4dee111e4b859cedc0acc4ccf50721972352cf717067021d032dd5759b8f43b_TAoL,2026-09-27 17:27:50,TYHP9LnmHmCcAkPp9h1NVLrpRh7xkhGjeA,TAoLw5yD5XUoHWeBZRSZ1ExK9HMv2CiPvP,2000.0
363ed2a108e08c3613a30b459f4ad44bf340a13f11182645a849b28b00a520d8_TAoL,2026-09-27 17:27:50,TTMkAwKbtWHGMWekBVgLWze2VUU9EP4zUv,TAoLw5yD5XUoHWeBZRSZ1ExK9HMv2CiPvP,1000.0
3fe7938039b2bd41cd0a49be36adcf0dfb4715a69c7b7bd13edcf43887f8ca69_TAoL,2026-09-27 17:27:50,TLaGjwhvA8XQYSxFAcAXy7Dvuue9eGYitv,TAoLw5yD5XUoHWeBZRSZ1ExK9HMv2CiPvP,1001.0
37afad8fc29afd929e9ba2a9a7b3f1d056858f878a7d9b46771e14f66552bb37_TAoL,2026-09-27 17:27:50,TLaGjwhvA8XQYSxFAcAXy7Dvuue9eGYitv,TAoLw5yD5XUoHWeBZRSZ1ExK9HMv2CiPvP,41.0
f12de8c5c7577ffb8f3bdf05d569e005f3b5248925e228c7dfa0c46343931213_TAoL,2026-09-27 17:27:50,TLaGjwhvA8XQYSxFAcAXy7Dvuue9eGYitv,TAoLw5yD5XUoHWeBZRSZ1ExK9HMv2CiPvP,28.57
51adeafd38030df3e6ebc6dcb2ddac45965d8fc58bbeb121f47fc7ba265786b9_TAoL,2026-09-27 17:27:50,TL35HZKpE3VJ5HZUJsPy67DFiruLaeiMAL,TAoLw5yD5XUoHWeBZRSZ1ExK9HMv2CiPvP,280000.0
a37e9be0f00e6e3c0acfc18269f92f10156c55bec6c08de27eb8dbd4da37ef92_TAoL,2026-09-27 17:27:50,TLaGjwhvA8XQYSxFAcAXy7Dvuue9eGYitv,TAoLw5yD5XUoHWeBZRSZ1ExK9HMv2CiPvP,290.04
1daa00bd9b95a015c299a1252dba0cd092ba8c27ed28833cee9953e93cefb4e6_TAoL,2026-09-27 17:27:50,TLaGjwhvA8XQYSxFAcAXy7Dvuue9eGYitv,TAoLw5yD5XUoHWeBZRSZ1ExK9HMv2CiPvP,75.56
4000d4dd1d7b88be0eb3adadab9c2fecc92931a306044eaffa9c0181fa815321_TAoL,2026-09-27 17:27:50,TLaGjwhvA8XQYSxFAcAXy7Dvuue9eGYitv,TAoLw5yD5XUoHWeBZRSZ1ExK9HMv2CiPvP,565.0
77e30ebbea06dbdc28d6cc99be7a573129ca89c2eee36e034b0deaafe75ab3dc_TAoL,2026-09-27 17:27:50,TLaGjwhvA8XQYSxFAcAXy7Dvuue9eGYitv,TAoLw5yD5XUoHWeBZRSZ1ExK9HMv2CiPvP,20000.0
10786730d5f19ff7817fc6b692e2213dacd2ea6879cb623d5e6df8d01388a012_TAoL,2026-09-27 17:27:50,TLaGjwhvA8XQYSxFAcAXy7Dvuue9eGYitv,TAoLw5yD5XUoHWeBZRSZ1ExK9HMv2CiPvP,798.5
221820e13592f04edb01c4f9be4f9dcb1fb4edc5031aa9102196281d1d51829d_TAoL,2026-09-27 17:27:50,TUpDUxnFH6eH3Mt3mUvDRWHReJaFz7mJvg,TAoLw5yD5XUoHWeBZRSZ1ExK9HMv2CiPvP,147.614
5091b2ce10b3bfc6fc58b92b63c9151f983428ef159ccf5d4cc662c72bcd88b4_TAoL,2026-09-27 17:27:50,TL1u34WMHdthTR5hVBxQY1CTpYYvGc2n28,TAoLw5yD5XUoHWeBZRSZ1ExK9HMv2CiPvP,110.0
6fa6fc210288714a6cdb7981347ab39af2a67582a87bff78d478923fae0154ed_TAoL,2026-09-27 17:27:50,TLaGjwhvA8XQYSxFAcAXy7Dvuue9eGYitv,TAoLw5yD5XUoHWeBZRSZ1ExK9HMv2CiPvP,5934.72
56090c26b60c77eede1c7b856af678406c84c0f05c98da93a35dcdc7c76b9a2b_TAoL,2026-09-27 17:27:50,TLaGjwhvA8XQYSxFAcAXy7Dvuue9eGYitv,TAoLw5yD5XUoHWeBZRSZ1ExK9HMv2CiPvP,200.0
4b97fa016b28be94b3bf9a80439717d602ae8d1f1a79732b6ad64219cf1c737f_TAoL,2026-09-27 17:27:50,TWReoZVJVp7ZLrFch2y1Lxh4S57fRTy2eW,TAoLw5yD5XUoHWeBZRSZ1ExK9HMv2CiPvP,509.36
750c30570625680fdac47b670ece3cd33b2e9c8f71d84d1ac56ce12aabd1fcfd_TAoL,2026-09-27 17:27:50,TLaGjwhvA8XQYSxFAcAXy7Dvuue9eGYitv,TAoLw5yD5XUoHWeBZRSZ1ExK9HMv2CiPvP,100.0
c73b2e8fd29e15c7fc8e82ac463e0b9e7b2f45aef83f026b69eb58689601a3ae_TAoL,2026-09-27 17:27:50,TMNT24gTYD7UBMTj7pRgYuXd1T76mVgv8X,TAoLw5yD5XUoHWeBZRSZ1ExK9HMv2CiPvP,445.0
3147a3b6c7027c32a3cdf4f87fc27ecd9fe191241df5cd3e11fc410afcb55598_TAoL,2026-09-27 17:27:50,TGaT2BLGXGQ69oocg8feSTZguS8JMtJcNm,TAoLw5yD5XUoHWeBZRSZ1ExK9HMv2CiPvP,1500.0
699670f4fa27fbeeca91f6c0b76e85c84d45c921bf6c59143e10298b3628681f_TAoL,2026-09-27 17:27:50,TT1vVP5wUupqdzYZCBr2sBzr5DUx1wNHhW,TAoLw5yD5XUoHWeBZRSZ1ExK9HMv2CiPvP,29.99
ec3ff972d5f9d478adca1f59e715289273b7e159cce539bcc3c01c100eff44b3_TAoL,2026-09-27 17:27:50,TX8juK2RR3aNrrqqzcGn438L19iAodyHao,TAoLw5yD5XUoHWeBZRSZ1ExK9HMv2CiPvP,10100.0
7d96bbd20cca7ff2de9d0f03872e692de0128977f438797bde4d2e5a6a6e3235_TAoL,2026-09-27 17:27:50,TLk6ExmxUXCCBwtabXKGn6QsXmziaZAJDm,TAoLw5yD5XUoHWeBZRSZ1ExK9HMv2CiPvP,381.1
ce835cd5897df9a9b0db5e5475993f952e1c8116a66295acf3e6fc06ba3acd7b_TNiq,2026-09-27 17:27:50,TQJRocuioBAAJtH69FfxmCM1yS81FtcYGh,TNiq9AXBp9EjUqhDhrwrfvAA8U3GUQZH81,20.0
837c49fdc3a63f2340695f0ee4e7460eb1573b6656169535ba10bfe760d06752_TNiq,2026-09-27 17:27:50,TAZ6b1ihx6k6sw5zSgXRyq9FaWy9PHGg3a,TNiq9AXBp9EjUqhDhrwrfvAA8U3GUQZH81,400.0
0ba99f3d1bd2c113d1d47e39671ac2490f7c13afa0e81a294037c4ec5ea0d997_TNiq,2026-09-27 17:27:50,TK4ykR48cQQoyFcZ5N4xZCbsBaHcg6n3gJ,TNiq9AXBp9EjUqhDhrwrfvAA8U3GUQZH81,1018.5
3867139f82683f7221031092fc83ebeefd042f9710dd1eb6ef9f126854cab9bd_TNiq,2026-09-27 17:27:50,TJ5usJLLwjwn7Pw3TPbdzreG7dvgKzfQ5y,TNiq9AXBp9EjUqhDhrwrfvAA8U3GUQZH81,498.5
c6c98ef35a574dd90ee3b6a7555265f91b3e85fa099d430f2f5f324c5eb3ab4a_TNiq,2026-09-27 17:27:50,TSUUVjysXV8YqHytSNjfkNXnnB49QDvZpx,TNiq9AXBp9EjUqhDhrwrfvAA8U3GUQZH81,10.0092
4f6ad823ad940a680f30bedc5eb4b37dca627d686e9a2ce9a02b16e8f3026b35_TNiq,2026-09-27 17:27:50,TSyXQF7qJys471HbyZAfoekq3CgU52U462,TNiq9AXBp9EjUqhDhrwrfvAA8U3GUQZH81,1160.4
5c4b808206fcc76fb56ca164a1f277c72f62470f435f4b6df10766b2737fda94_TNiq,2026-09-27 17:27:50,TQrY8tryqsYVCYS3MFbtffiPp2ccyn4STm,TNiq9AXBp9EjUqhDhrwrfvAA8U3GUQZH81,218.152
b8cf3f78e3179170ae14b70babe912e29c69e2325803a437fd04e55bdf906ffc_TNiq,2026-09-27 17:27:50,TYASr5UV6HEcXatwdFQfmLVUqQQQMUxHLS,TNiq9AXBp9EjUqhDhrwrfvAA8U3GUQZH81,41.5
c7d6a546d89fd2b41ff256d949cbaf5e41ee10a160054c7d61ef716ab821ee37_TNiq,2026-09-27 17:27:50,TDnbA3t9rrvrbb7GuuQJKoHPdvt1Jiaiek,TNiq9AXBp9EjUqhDhrwrfvAA8U3GUQZH81,5000.0
d4de4578bb394c4352d04396461f9da317b07a4b7a5eb39fba16ca7172008f85_TNiq,2026-09-27 17:27:50,TAzsQ9Gx8eqFNFSKbeXrbi45CuVPHzA8wr,TNiq9AXBp9EjUqhDhrwrfvAA8U3GUQZH81,5000.0
097a2161812b899bd4638bc0bfa2abeec300875850e4b41b942a4a39e34f514f_TNiq,2026-09-27 17:27:50,TCLgK89AnXbC9rewvhNb9UgXCc2qJJpBXh,TNiq9AXBp9EjUqhDhrwrfvAA8U3GUQZH81,599.5
a2d7bcecfaaef456e38a8110b2754d49491cc757e1a8b59989de289f5a964dba_TNiq,2026-09-27 17:27:50,TJtoD1vNsWHw89FHKGhTqRF1L7ra7ojxCy,TNiq9AXBp9EjUqhDhrwrfvAA8U3GUQZH81,160.0
e044cbe4ca00106ad04ea0eefca58c1c71afc291261adea8c14e138c1d566381_TNiq,2026-09-27 17:27:50,TDqSquXBgUCLYvYC4XZgrprLK589dkhSCf,TNiq9AXBp9EjUqhDhrwrfvAA8U3GUQZH81,8.5
8b9e020c969cf6204afff77a977b03fff7867ddb5d1ce58b9ac21be30e943339_TNiq,2026-09-27 17:27:50,TNXoiAJ3dct8Fjg4M9fkLFh9S2v9TXc32G,TNiq9AXBp9EjUqhDhrwrfvAA8U3GUQZH81,61.3
a623a2993e9974838a12f5ad5f1ce11145b9b92c310c5a3ca05aa16ad0937649_TNiq,2026-09-27 17:27:50,TJqwA7SoZnERE4zW5uDEiPkbz4B66h9TFj,TNiq9AXBp9EjUqhDhrwrfvAA8U3GUQZH81,9.5
4d1f081df8cbda7f0fae726f5dfa9dc5f6044d160a6aea0ce7a3584767221b4f_TNiq,2026-09-27 17:27:50,TJDENsfBJs4RFETt1X1W8wMDc8M5XnJhCe,TNiq9AXBp9EjUqhDhrwrfvAA8U3GUQZH81,553.5
54b34d53cc4f0b1a1d32e9892d49d5ef94a74d8c146ba7206dda6eee0c783e79_TNiq,2026-09-27 17:27:50,TK4ykR48cQQoyFcZ5N4xZCbsBaHcg6n3gJ,TNiq9AXBp9EjUqhDhrwrfvAA8U3GUQZH81,248.5
5e9bb9c429d594b50a618a960216840516ddb4901b9faf2b72555c2126458717_TNiq,2026-09-27 17:27:50,TJ5usJLLwjwn7Pw3TPbdzreG7dvgKzfQ5y,TNiq9AXBp9EjUqhDhrwrfvAA8U3GUQZH81,18.5
a6058b28b7e9851370425b0583a7c1c20d8a9c4cdc27011875b6ef5acdf2e863_TNiq,2026-09-27 17:27:50,TQGeFXjjdLifXAwH7Dc8RgrJC6TRu5E8pG,TNiq9AXBp9EjUqhDhrwrfvAA8U3GUQZH81,16.34
f70d5e91a1fbd993d1f1623f81a787f0dc6d4279c33c504de3a655a67404dbc5_TNiq,2026-09-27 17:27:50,TQrY8tryqsYVCYS3MFbtffiPp2ccyn4STm,TNiq9AXBp9EjUqhDhrwrfvAA8U3GUQZH81,61.2
affcae55f72bfc6ba687b0b0895f1be47d93b4ce9f81adc246ca7ef8a3a0307a_TNiq,2026-09-27 17:27:50,TCLgK89AnXbC9rewvhNb9UgXCc2qJJpBXh,TNiq9AXBp9EjUqhDhrwrfvAA8U3GUQZH81,78.5
22743ca88cef217c88e32b43c4f92534b868e76dcbffea768e8a65cd34a42b37_TNiq,2026-09-27 17:27:50,TJsrSpo788Un2ziP5wVj6BgadkcJKaUqEU,TNiq9AXBp9EjUqhDhrwrfvAA8U3GUQZH81,2170.0
0fdd79677867b8d9b58f71b1c67d97721309c0402f2e0e14e1c9ed454772d197_TNiq,2026-09-27 17:27:50,TNXoiAJ3dct8Fjg4M9fkLFh9S2v9TXc32G,TNiq9AXBp9EjUqhDhrwrfvAA8U3GUQZH81,3000.0
d0aa17fd1ebacbb2af56db1fdb2333148ac10d073a2014e4f8af6d3c714cfa07_TNiq,2026-09-27 17:27:50,TFTNo6ptqysT73CvTfNpbz1DJuFC5tP7Ru,TNiq9AXBp9EjUqhDhrwrfvAA8U3GUQZH81,317.6363
30f7af1bb1808d36ea600f1dd22196661025e6dd704de5d0213e01ce21b9c4bf_TNiq,2026-09-27 17:27:50,TG6qh5Y9j7G6LemDJwniw3X8Yh2gcDpuNq,TNiq9AXBp9EjUqhDhrwrfvAA8U3GUQZH81,20.602
ce835cd5897df9a9b0db5e5475993f952e1c8116a66295acf3e6fc06ba3acd7b_TXEs,2026-09-27 17:27:50,TQJRocuioBAAJtH69FfxmCM1yS81FtcYGh,TXEsK1sEsKjZ1xtHitnyAAoqw3WLdYdRNW,20.0
837c49fdc3a63f2340695f0ee4e7460eb1573b6656169535ba10bfe760d06752_TXEs,2026-09-27 17:27:50,TAZ6b1ihx6k6sw5zSgXRyq9FaWy9PHGg3a,TXEsK1sEsKjZ1xtHitnyAAoqw3WLdYdRNW,400.0
0ba99f3d1bd2c113d1d47e39671ac2490f7c13afa0e81a294037c4ec5ea0d997_TXEs,2026-09-27 17:27:50,TK4ykR48cQQoyFcZ5N4xZCbsBaHcg6n3gJ,TXEsK1sEsKjZ1xtHitnyAAoqw3WLdYdRNW,1018.5
3867139f82683f7221031092fc83ebeefd042f9710dd1eb6ef9f126854cab9bd_TXEs,2026-09-27 17:27:50,TJ5usJLLwjwn7Pw3TPbdzreG7dvgKzfQ5y,TXEsK1sEsKjZ1xtHitnyAAoqw3WLdYdRNW,498.5
c6c98ef35a574dd90ee3b6a7555265f91b3e85fa099d430f2f5f324c5eb3ab4a_TXEs,2026-09-27 17:27:50,TSUUVjysXV8YqHytSNjfkNXnnB49QDvZpx,TXEsK1sEsKjZ1xtHitnyAAoqw3WLdYdRNW,10.0092
4f6ad823ad940a680f30bedc5eb4b37dca627d686e9a2ce9a02b16e8f3026b35_TXEs,2026-09-27 17:27:50,TSyXQF7qJys471HbyZAfoekq3CgU52U462,TXEsK1sEsKjZ1xtHitnyAAoqw3WLdYdRNW,1160.4
5c4b808206fcc76fb56ca164a1f277c72f62470f435f4b6df10766b2737fda94_TXEs,2026-09-27 17:27:50,TQrY8tryqsYVCYS3MFbtffiPp2ccyn4STm,TXEsK1sEsKjZ1xtHitnyAAoqw3WLdYdRNW,218.152
b8cf3f78e3179170ae14b70babe912e29c69e2325803a437fd04e55bdf906ffc_TXEs,2026-09-27 17:27:50,TYASr5UV6HEcXatwdFQfmLVUqQQQMUxHLS,TXEsK1sEsKjZ1xtHitnyAAoqw3WLdYdRNW,41.5
c7d6a546d89fd2b41ff256d949cbaf5e41ee10a160054c7d61ef716ab821ee37_TXEs,2026-09-27 17:27:50,TDnbA3t9rrvrbb7GuuQJKoHPdvt1Jiaiek,TXEsK1sEsKjZ1xtHitnyAAoqw3WLdYdRNW,5000.0
d4de4578bb394c4352d04396461f9da317b07a4b7a5eb39fba16ca7172008f85_TXEs,2026-09-27 17:27:50,TAzsQ9Gx8eqFNFSKbeXrbi45CuVPHzA8wr,TXEsK1sEsKjZ1xtHitnyAAoqw3WLdYdRNW,5000.0
097a2161812b899bd4638bc0bfa2abeec300875850e4b41b942a4a39e34f514f_TXEs,2026-09-27 17:27:50,TCLgK89AnXbC9rewvhNb9UgXCc2qJJpBXh,TXEsK1sEsKjZ1xtHitnyAAoqw3WLdYdRNW,599.5
a2d7bcecfaaef456e38a8110b2754d49491cc757e1a8b59989de289f5a964dba_TXEs,2026-09-27 17:27:50,TJtoD1vNsWHw89FHKGhTqRF1L7ra7ojxCy,TXEsK1sEsKjZ1xtHitnyAAoqw3WLdYdRNW,160.0
e044cbe4ca00106ad04ea0eefca58c1c71afc291261adea8c14e138c1d566381_TXEs,2026-09-27 17:27:50,TDqSquXBgUCLYvYC4XZgrprLK589dkhSCf,TXEsK1sEsKjZ1xtHitnyAAoqw3WLdYdRNW,8.5
8b9e020c969cf6204afff77a977b03fff7867ddb5d1ce58b9ac21be30e943339_TXEs,2026-09-27 17:27:50,TNXoiAJ3dct8Fjg4M9fkLFh9S2v9TXc32G,TXEsK1sEsKjZ1xtHitnyAAoqw3WLdYdRNW,61.3
a623a2993e9974838a12f5ad5f1ce11145b9b92c310c5a3ca05aa16ad0937649_TXEs,2026-09-27 17:27:50,TJqwA7SoZnERE4zW5uDEiPkbz4B66h9TFj,TXEsK1sEsKjZ1xtHitnyAAoqw3WLdYdRNW,9.5
4d1f081df8cbda7f0fae726f5dfa9dc5f6044d160a6aea0ce7a3584767221b4f_TXEs,2026-09-27 17:27:50,TJDENsfBJs4RFETt1X1W8wMDc8M5XnJhCe,TXEsK1sEsKjZ1xtHitnyAAoqw3WLdYdRNW,553.5
54b34d53cc4f0b1a1d32e9892d49d5ef94a74d8c146ba7206dda6eee0c783e79_TXEs,2026-09-27 17:27:50,TK4ykR48cQQoyFcZ5N4xZCbsBaHcg6n3gJ,TXEsK1sEsKjZ1xtHitnyAAoqw3WLdYdRNW,248.5
5e9bb9c429d594b50a618a960216840516ddb4901b9faf2b72555c2126458717_TXEs,2026-09-27 17:27:50,TJ5usJLLwjwn7Pw3TPbdzreG7dvgKzfQ5y,TXEsK1sEsKjZ1xtHitnyAAoqw3WLdYdRNW,18.5
a6058b28b7e9851370425b0583a7c1c20d8a9c4cdc27011875b6ef5acdf2e863_TXEs,2026-09-27 17:27:50,TQGeFXjjdLifXAwH7Dc8RgrJC6TRu5E8pG,TXEsK1sEsKjZ1xtHitnyAAoqw3WLdYdRNW,16.34
f70d5e91a1fbd993d1f1623f81a787f0dc6d4279c33c504de3a655a67404dbc5_TXEs,2026-09-27 17:27:50,TQrY8tryqsYVCYS3MFbtffiPp2ccyn4STm,TXEsK1sEsKjZ1xtHitnyAAoqw3WLdYdRNW,61.2
affcae55f72bfc6ba687b0b0895f1be47d93b4ce9f81adc246ca7ef8a3a0307a_TXEs,2026-09-27 17:27:50,TCLgK89AnXbC9rewvhNb9UgXCc2qJJpBXh,TXEsK1sEsKjZ1xtHitnyAAoqw3WLdYdRNW,78.5
22743ca88cef217c88e32b43c4f92534b868e76dcbffea768e8a65cd34a42b37_TXEs,2026-09-27 17:27:50,TJsrSpo788Un2ziP5wVj6BgadkcJKaUqEU,TXEsK1sEsKjZ1xtHitnyAAoqw3WLdYdRNW,2170.0
0fdd79677867b8d9b58f71b1c67d97721309c0402f2e0e14e1c9ed454772d197_TXEs,2026-09-27 17:27:50,TNXoiAJ3dct8Fjg4M9fkLFh9S2v9TXc32G,TXEsK1sEsKjZ1xtHitnyAAoqw3WLdYdRNW,3000.0
d0aa17fd1ebacbb2af56db1fdb2333148ac10d073a2014e4f8af6d3c714cfa07_TXEs,2026-09-27 17:27:50,TFTNo6ptqysT73CvTfNpbz1DJuFC5tP7Ru,TXEsK1sEsKjZ1xtHitnyAAoqw3WLdYdRNW,317.6363
30f7af1bb1808d36ea600f1dd22196661025e6dd704de5d0213e01ce21b9c4bf_TXEs,2026-09-27 17:27:50,TG6qh5Y9j7G6LemDJwniw3X8Yh2gcDpuNq,TXEsK1sEsKjZ1xtHitnyAAoqw3WLdYdRNW,20.602
ce835cd5897df9a9b0db5e5475993f952e1c8116a66295acf3e6fc06ba3acd7b_TBXM,2026-09-27 17:27:51,TQJRocuioBAAJtH69FfxmCM1yS81FtcYGh,TBXMiRqUp1XH1zLazWu8cWitMAScv4HsYq,20.0
837c49fdc3a63f2340695f0ee4e7460eb1573b6656169535ba10bfe760d06752_TBXM,2026-09-27 17:27:51,TAZ6b1ihx6k6sw5zSgXRyq9FaWy9PHGg3a,TBXMiRqUp1XH1zLazWu8cWitMAScv4HsYq,400.0
0ba99f3d1bd2c113d1d47e39671ac2490f7c13afa0e81a294037c4ec5ea0d997_TBXM,2026-09-27 17:27:51,TK4ykR48cQQoyFcZ5N4xZCbsBaHcg6n3gJ,TBXMiRqUp1XH1zLazWu8cWitMAScv4HsYq,1018.5
3867139f82683f7221031092fc83ebeefd042f9710dd1eb6ef9f126854cab9bd_TBXM,2026-09-27 17:27:51,TJ5usJLLwjwn7Pw3TPbdzreG7dvgKzfQ5y,TBXMiRqUp1XH1zLazWu8cWitMAScv4HsYq,498.5
c6c98ef35a574dd90ee3b6a7555265f91b3e85fa099d430f2f5f324c5eb3ab4a_TBXM,2026-09-27 17:27:51,TSUUVjysXV8YqHytSNjfkNXnnB49QDvZpx,TBXMiRqUp1XH1zLazWu8cWitMAScv4HsYq,10.0092
4f6ad823ad940a680f30bedc5eb4b37dca627d686e9a2ce9a02b16e8f3026b35_TBXM,2026-09-27 17:27:51,TSyXQF7qJys471HbyZAfoekq3CgU52U462,TBXMiRqUp1XH1zLazWu8cWitMAScv4HsYq,1160.4
5c4b808206fcc76fb56ca164a1f277c72f62470f435f4b6df10766b2737fda94_TBXM,2026-09-27 17:27:51,TQrY8tryqsYVCYS3MFbtffiPp2ccyn4STm,TBXMiRqUp1XH1zLazWu8cWitMAScv4HsYq,218.152
b8cf3f78e3179170ae14b70babe912e29c69e2325803a437fd04e55bdf906ffc_TBXM,2026-09-27 17:27:51,TYASr5UV6HEcXatwdFQfmLVUqQQQMUxHLS,TBXMiRqUp1XH1zLazWu8cWitMAScv4HsYq,41.5
c7d6a546d89fd2b41ff256d949cbaf5e41ee10a160054c7d61ef716ab821ee37_TBXM,2026-09-27 17:27:51,TDnbA3t9rrvrbb7GuuQJKoHPdvt1Jiaiek,TBXMiRqUp1XH1zLazWu8cWitMAScv4HsYq,5000.0
d4de4578bb394c4352d04396461f9da317b07a4b7a5eb39fba16ca7172008f85_TBXM,2026-09-27 17:27:51,TAzsQ9Gx8eqFNFSKbeXrbi45CuVPHzA8wr,TBXMiRqUp1XH1zLazWu8cWitMAScv4HsYq,5000.0
097a2161812b899bd4638bc0bfa2abeec300875850e4b41b942a4a39e34f514f_TBXM,2026-09-27 17:27:51,TCLgK89AnXbC9rewvhNb9UgXCc2qJJpBXh,TBXMiRqUp1XH1zLazWu8cWitMAScv4HsYq,599.5
a2d7bcecfaaef456e38a8110b2754d49491cc757e1a8b59989de289f5a964dba_TBXM,2026-09-27 17:27:51,TJtoD1vNsWHw89FHKGhTqRF1L7ra7ojxCy,TBXMiRqUp1XH1zLazWu8cWitMAScv4HsYq,160.0
e044cbe4ca00106ad04ea0eefca58c1c71afc291261adea8c14e138c1d566381_TBXM,2026-09-27 17:27:51,TDqSquXBgUCLYvYC4XZgrprLK589dkhSCf,TBXMiRqUp1XH1zLazWu8cWitMAScv4HsYq,8.5
8b9e020c969cf6204afff77a977b03fff7867ddb5d1ce58b9ac21be30e943339_TBXM,2026-09-27 17:27:51,TNXoiAJ3dct8Fjg4M9fkLFh9S2v9TXc32G,TBXMiRqUp1XH1zLazWu8cWitMAScv4HsYq,61.3
a623a2993e9974838a12f5ad5f1ce11145b9b92c310c5a3ca05aa16ad0937649_TBXM,2026-09-27 17:27:51,TJqwA7SoZnERE4zW5uDEiPkbz4B66h9TFj,TBXMiRqUp1XH1zLazWu8cWitMAScv4HsYq,9.5
4d1f081df8cbda7f0fae726f5dfa9dc5f6044d160a6aea0ce7a3584767221b4f_TBXM,2026-09-27 17:27:51,TJDENsfBJs4RFETt1X1W8wMDc8M5XnJhCe,TBXMiRqUp1XH1zLazWu8cWitMAScv4HsYq,553.5
54b34d53cc4f0b1a1d32e9892d49d5ef94a74d8c146ba7206dda6eee0c783e79_TBXM,2026-09-27 17:27:51,TK4ykR48cQQoyFcZ5N4xZCbsBaHcg6n3gJ,TBXMiRqUp1XH1zLazWu8cWitMAScv4HsYq,248.5
5e9bb9c429d594b50a618a960216840516ddb4901b9faf2b72555c2126458717_TBXM,2026-09-27 17:27:51,TJ5usJLLwjwn7Pw3TPbdzreG7dvgKzfQ5y,TBXMiRqUp1XH1zLazWu8cWitMAScv4HsYq,18.5
a6058b28b7e9851370425b0583a7c1c20d8a9c4cdc27011875b6ef5acdf2e863_TBXM,2026-09-27 17:27:51,TQGeFXjjdLifXAwH7Dc8RgrJC6TRu5E8pG,TBXMiRqUp1XH1zLazWu8cWitMAScv4HsYq,16.34
f70d5e91a1fbd993d1f1623f81a787f0dc6d4279c33c504de3a655a67404dbc5_TBXM,2026-09-27 17:27:51,TQrY8tryqsYVCYS3MFbtffiPp2ccyn4STm,TBXMiRqUp1XH1zLazWu8cWitMAScv4HsYq,61.2
affcae55f72bfc6ba687b0b0895f1be47d93b4ce9f81adc246ca7ef8a3a0307a_TBXM,2026-09-27 17:27:51,TCLgK89AnXbC9rewvhNb9UgXCc2qJJpBXh,TBXMiRqUp1XH1zLazWu8cWitMAScv4HsYq,78.5
22743ca88cef217c88e32b43c4f92534b868e76dcbffea768e8a65cd34a42b37_TBXM,2026-09-27 17:27:51,TJsrSpo788Un2ziP5wVj6BgadkcJKaUqEU,TBXMiRqUp1XH1zLazWu8cWitMAScv4HsYq,2170.0
0fdd79677867b8d9b58f71b1c67d97721309c0402f2e0e14e1c9ed454772d197_TBXM,2026-09-27 17:27:51,TNXoiAJ3dct8Fjg4M9fkLFh9S2v9TXc32G,TBXMiRqUp1XH1zLazWu8cWitMAScv4HsYq,3000.0
d0aa17fd1ebacbb2af56db1fdb2333148ac10d073a2014e4f8af6d3c714cfa07_TBXM,2026-09-27 17:27:51,TFTNo6ptqysT73CvTfNpbz1DJuFC5tP7Ru,TBXMiRqUp1XH1zLazWu8cWitMAScv4HsYq,317.6363
30f7af1bb1808d36ea600f1dd22196661025e6dd704de5d0213e01ce21b9c4bf_TBXM,2026-09-27 17:27:51,TG6qh5Y9j7G6LemDJwniw3X8Yh2gcDpuNq,TBXMiRqUp1XH1zLazWu8cWitMAScv4HsYq,20.602
ce835cd5897df9a9b0db5e5475993f952e1c8116a66295acf3e6fc06ba3acd7b_TEEY,2026-09-27 17:27:52,TQJRocuioBAAJtH69FfxmCM1yS81FtcYGh,TEEYCuGDyeNkuDj4u6GQRXxXo3Nh29r2vP,20.0
837c49fdc3a63f2340695f0ee4e7460eb1573b6656169535ba10bfe760d06752_TEEY,2026-09-27 17:27:52,TAZ6b1ihx6k6sw5zSgXRyq9FaWy9PHGg3a,TEEYCuGDyeNkuDj4u6GQRXxXo3Nh29r2vP,400.0
0ba99f3d1bd2c113d1d47e39671ac2490f7c13afa0e81a294037c4ec5ea0d997_TEEY,2026-09-27 17:27:52,TK4ykR48cQQoyFcZ5N4xZCbsBaHcg6n3gJ,TEEYCuGDyeNkuDj4u6GQRXxXo3Nh29r2vP,1018.5
3867139f82683f7221031092fc83ebeefd042f9710dd1eb6ef9f126854cab9bd_TEEY,2026-09-27 17:27:52,TJ5usJLLwjwn7Pw3TPbdzreG7dvgKzfQ5y,TEEYCuGDyeNkuDj4u6GQRXxXo3Nh29r2vP,498.5
c6c98ef35a574dd90ee3b6a7555265f91b3e85fa099d430f2f5f324c5eb3ab4a_TEEY,2026-09-27 17:27:52,TSUUVjysXV8YqHytSNjfkNXnnB49QDvZpx,TEEYCuGDyeNkuDj4u6GQRXxXo3Nh29r2vP,10.0092
4f6ad823ad940a680f30bedc5eb4b37dca627d686e9a2ce9a02b16e8f3026b35_TEEY,2026-09-27 17:27:52,TSyXQF7qJys471HbyZAfoekq3CgU52U462,TEEYCuGDyeNkuDj4u6GQRXxXo3Nh29r2vP,1160.4
5c4b808206fcc76fb56ca164a1f277c72f62470f435f4b6df10766b2737fda94_TEEY,2026-09-27 17:27:52,TQrY8tryqsYVCYS3MFbtffiPp2ccyn4STm,TEEYCuGDyeNkuDj4u6GQRXxXo3Nh29r2vP,218.152
b8cf3f78e3179170ae14b70babe912e29c69e2325803a437fd04e55bdf906ffc_TEEY,2026-09-27 17:27:52,TYASr5UV6HEcXatwdFQfmLVUqQQQMUxHLS,TEEYCuGDyeNkuDj4u6GQRXxXo3Nh29r2vP,41.5
c7d6a546d89fd2b41ff256d949cbaf5e41ee10a160054c7d61ef716ab821ee37_TEEY,2026-09-27 17:27:52,TDnbA3t9rrvrbb7GuuQJKoHPdvt1Jiaiek,TEEYCuGDyeNkuDj4u6GQRXxXo3Nh29r2vP,5000.0
d4de4578bb394c4352d04396461f9da317b07a4b7a5eb39fba16ca7172008f85_TEEY,2026-09-27 17:27:52,TAzsQ9Gx8eqFNFSKbeXrbi45CuVPHzA8wr,TEEYCuGDyeNkuDj4u6GQRXxXo3Nh29r2vP,5000.0
097a2161812b899bd4638bc0bfa2abeec300875850e4b41b942a4a39e34f514f_TEEY,2026-09-27 17:27:52,TCLgK89AnXbC9rewvhNb9UgXCc2qJJpBXh,TEEYCuGDyeNkuDj4u6GQRXxXo3Nh29r2vP,599.5
a2d7bcecfaaef456e38a8110b2754d49491cc757e1a8b59989de289f5a964dba_TEEY,2026-09-27 17:27:52,TJtoD1vNsWHw89FHKGhTqRF1L7ra7ojxCy,TEEYCuGDyeNkuDj4u6GQRXxXo3Nh29r2vP,160.0
e044cbe4ca00106ad04ea0eefca58c1c71afc291261adea8c14e138c1d566381_TEEY,2026-09-27 17:27:52,TDqSquXBgUCLYvYC4XZgrprLK589dkhSCf,TEEYCuGDyeNkuDj4u6GQRXxXo3Nh29r2vP,8.5
8b9e020c969cf6204afff77a977b03fff7867ddb5d1ce58b9ac21be30e943339_TEEY,2026-09-27 17:27:52,TNXoiAJ3dct8Fjg4M9fkLFh9S2v9TXc32G,TEEYCuGDyeNkuDj4u6GQRXxXo3Nh29r2vP,61.3
a623a2993e9974838a12f5ad5f1ce11145b9b92c310c5a3ca05aa16ad0937649_TEEY,2026-09-27 17:27:52,TJqwA7SoZnERE4zW5uDEiPkbz4B66h9TFj,TEEYCuGDyeNkuDj4u6GQRXxXo3Nh29r2vP,9.5
4d1f081df8cbda7f0fae726f5dfa9dc5f6044d160a6aea0ce7a3584767221b4f_TEEY,2026-09-27 17:27:52,TJDENsfBJs4RFETt1X1W8wMDc8M5XnJhCe,TEEYCuGDyeNkuDj4u6GQRXxXo3Nh29r2vP,553.5
54b34d53cc4f0b1a1d32e9892d49d5ef94a74d8c146ba7206dda6eee0c783e79_TEEY,2026-09-27 17:27:52,TK4ykR48cQQoyFcZ5N4xZCbsBaHcg6n3gJ,TEEYCuGDyeNkuDj4u6GQRXxXo3Nh29r2vP,248.5
5e9bb9c429d594b50a618a960216840516ddb4901b9faf2b72555c2126458717_TEEY,2026-09-27 17:27:52,TJ5usJLLwjwn7Pw3TPbdzreG7dvgKzfQ5y,TEEYCuGDyeNkuDj4u6GQRXxXo3Nh29r2vP,18.5
a6058b28b7e9851370425b0583a7c1c20d8a9c4cdc27011875b6ef5acdf2e863_TEEY,2026-09-27 17:27:52,TQGeFXjjdLifXAwH7Dc8RgrJC6TRu5E8pG,TEEYCuGDyeNkuDj4u6GQRXxXo3Nh29r2vP,16.34
f70d5e91a1fbd993d1f1623f81a787f0dc6d4279c33c504de3a655a67404dbc5_TEEY,2026-09-27 17:27:52,TQrY8tryqsYVCYS3MFbtffiPp2ccyn4STm,TEEYCuGDyeNkuDj4u6GQRXxXo3Nh29r2vP,61.2
affcae55f72bfc6ba687b0b0895f1be47d93b4ce9f81adc246ca7ef8a3a0307a_TEEY,2026-09-27 17:27:52,TCLgK89AnXbC9rewvhNb9UgXCc2qJJpBXh,TEEYCuGDyeNkuDj4u6GQRXxXo3Nh29r2vP,78.5
22743ca88cef217c88e32b43c4f92534b868e76dcbffea768e8a65cd34a42b37_TEEY,2026-09-27 17:27:52,TJsrSpo788Un2ziP5wVj6BgadkcJKaUqEU,TEEYCuGDyeNkuDj4u6GQRXxXo3Nh29r2vP,2170.0
0fdd79677867b8d9b58f71b1c67d97721309c0402f2e0e14e1c9ed454772d197_TEEY,2026-09-27 17:27:52,TNXoiAJ3dct8Fjg4M9fkLFh9S2v9TXc32G,TEEYCuGDyeNkuDj4u6GQRXxXo3Nh29r2vP,3000.0
d0aa17fd1ebacbb2af56db1fdb2333148ac10d073a2014e4f8af6d3c714cfa07_TEEY,2026-09-27 17:27:52,TFTNo6ptqysT73CvTfNpbz1DJuFC5tP7Ru,TEEYCuGDyeNkuDj4u6GQRXxXo3Nh29r2vP,317.6363
30f7af1bb1808d36ea600f1dd22196661025e6dd704de5d0213e01ce21b9c4bf_TEEY,2026-09-27 17:27:52,TG6qh5Y9j7G6LemDJwniw3X8Yh2gcDpuNq,TEEYCuGDyeNkuDj4u6GQRXxXo3Nh29r2vP,20.602
ce835cd5897df9a9b0db5e5475993f952e1c8116a66295acf3e6fc06ba3acd7b_TC8a,2026-09-27 17:27:52,TQJRocuioBAAJtH69FfxmCM1yS81FtcYGh,TC8axQvzJEVR3NKN6mZnJtGy7537GEmh38,20.0
837c49fdc3a63f2340695f0ee4e7460eb1573b6656169535ba10bfe760d06752_TC8a,2026-09-27 17:27:52,TAZ6b1ihx6k6sw5zSgXRyq9FaWy9PHGg3a,TC8axQvzJEVR3NKN6mZnJtGy7537GEmh38,400.0
0ba99f3d1bd2c113d1d47e39671ac2490f7c13afa0e81a294037c4ec5ea0d997_TC8a,2026-09-27 17:27:52,TK4ykR48cQQoyFcZ5N4xZCbsBaHcg6n3gJ,TC8axQvzJEVR3NKN6mZnJtGy7537GEmh38,1018.5
3867139f82683f7221031092fc83ebeefd042f9710dd1eb6ef9f126854cab9bd_TC8a,2026-09-27 17:27:52,TJ5usJLLwjwn7Pw3TPbdzreG7dvgKzfQ5y,TC8axQvzJEVR3NKN6mZnJtGy7537GEmh38,498.5
c6c98ef35a574dd90ee3b6a7555265f91b3e85fa099d430f2f5f324c5eb3ab4a_TC8a,2026-09-27 17:27:52,TSUUVjysXV8YqHytSNjfkNXnnB49QDvZpx,TC8axQvzJEVR3NKN6mZnJtGy7537GEmh38,10.0092
4f6ad823ad940a680f30bedc5eb4b37dca627d686e9a2ce9a02b16e8f3026b35_TC8a,2026-09-27 17:27:52,TSyXQF7qJys471HbyZAfoekq3CgU52U462,TC8axQvzJEVR3NKN6mZnJtGy7537GEmh38,1160.4
5c4b808206fcc76fb56ca164a1f277c72f62470f435f4b6df10766b2737fda94_TC8a,2026-09-27 17:27:52,TQrY8tryqsYVCYS3MFbtffiPp2ccyn4STm,TC8axQvzJEVR3NKN6mZnJtGy7537GEmh38,218.152
b8cf3f78e3179170ae14b70babe912e29c69e2325803a437fd04e55bdf906ffc_TC8a,2026-09-27 17:27:52,TYASr5UV6HEcXatwdFQfmLVUqQQQMUxHLS,TC8axQvzJEVR3NKN6mZnJtGy7537GEmh38,41.5
c7d6a546d89fd2b41ff256d949cbaf5e41ee10a160054c7d61ef716ab821ee37_TC8a,2026-09-27 17:27:52,TDnbA3t9rrvrbb7GuuQJKoHPdvt1Jiaiek,TC8axQvzJEVR3NKN6mZnJtGy7537GEmh38,5000.0
d4de4578bb394c4352d04396461f9da317b07a4b7a5eb39fba16ca7172008f85_TC8a,2026-09-27 17:27:52,TAzsQ9Gx8eqFNFSKbeXrbi45CuVPHzA8wr,TC8axQvzJEVR3NKN6mZnJtGy7537GEmh38,5000.0
097a2161812b899bd4638bc0bfa2abeec300875850e4b41b942a4a39e34f514f_TC8a,2026-09-27 17:27:52,TCLgK89AnXbC9rewvhNb9UgXCc2qJJpBXh,TC8axQvzJEVR3NKN6mZnJtGy7537GEmh38,599.5
a2d7bcecfaaef456e38a8110b2754d49491cc757e1a8b59989de289f5a964dba_TC8a,2026-09-27 17:27:52,TJtoD1vNsWHw89FHKGhTqRF1L7ra7ojxCy,TC8axQvzJEVR3NKN6mZnJtGy7537GEmh38,160.0
e044cbe4ca00106ad04ea0eefca58c1c71afc291261adea8c14e138c1d566381_TC8a,2026-09-27 17:27:52,TDqSquXBgUCLYvYC4XZgrprLK589dkhSCf,TC8axQvzJEVR3NKN6mZnJtGy7537GEmh38,8.5
8b9e020c969cf6204afff77a977b03fff7867ddb5d1ce58b9ac21be30e943339_TC8a,2026-09-27 17:27:52,TNXoiAJ3dct8Fjg4M9fkLFh9S2v9TXc32G,TC8axQvzJEVR3NKN6mZnJtGy7537GEmh38,61.3
a623a2993e9974838a12f5ad5f1ce11145b9b92c310c5a3ca05aa16ad0937649_TC8a,2026-09-27 17:27:52,TJqwA7SoZnERE4zW5uDEiPkbz4B66h9TFj,TC8axQvzJEVR3NKN6mZnJtGy7537GEmh38,9.5
4d1f081df8cbda7f0fae726f5dfa9dc5f6044d160a6aea0ce7a3584767221b4f_TC8a,2026-09-27 17:27:52,TJDENsfBJs4RFETt1X1W8wMDc8M5XnJhCe,TC8axQvzJEVR3NKN6mZnJtGy7537GEmh38,553.5
54b34d53cc4f0b1a1d32e9892d49d5ef94a74d8c146ba7206dda6eee0c783e79_TC8a,2026-09-27 17:27:52,TK4ykR48cQQoyFcZ5N4xZCbsBaHcg6n3gJ,TC8axQvzJEVR3NKN6mZnJtGy7537GEmh38,248.5
5e9bb9c429d594b50a618a960216840516ddb4901b9faf2b72555c2126458717_TC8a,2026-09-27 17:27:52,TJ5usJLLwjwn7Pw3TPbdzreG7dvgKzfQ5y,TC8axQvzJEVR3NKN6mZnJtGy7537GEmh38,18.5
a6058b28b7e9851370425b0583a7c1c20d8a9c4cdc27011875b6ef5acdf2e863_TC8a,2026-09-27 17:27:52,TQGeFXjjdLifXAwH7Dc8RgrJC6TRu5E8pG,TC8axQvzJEVR3NKN6mZnJtGy7537GEmh38,16.34
f70d5e91a1fbd993d1f1623f81a787f0dc6d4279c33c504de3a655a67404dbc5_TC8a,2026-09-27 17:27:52,TQrY8tryqsYVCYS3MFbtffiPp2ccyn4STm,TC8axQvzJEVR3NKN6mZnJtGy7537GEmh38,61.2
affcae55f72bfc6ba687b0b0895f1be47d93b4ce9f81adc246ca7ef8a3a0307a_TC8a,2026-09-27 17:27:52,TCLgK89AnXbC9rewvhNb9UgXCc2qJJpBXh,TC8axQvzJEVR3NKN6mZnJtGy7537GEmh38,78.5
22743ca88cef217c88e32b43c4f92534b868e76dcbffea768e8a65cd34a42b37_TC8a,2026-09-27 17:27:52,TJsrSpo788Un2ziP5wVj6BgadkcJKaUqEU,TC8axQvzJEVR3NKN6mZnJtGy7537GEmh38,2170.0
0fdd79677867b8d9b58f71b1c67d97721309c0402f2e0e14e1c9ed454772d197_TC8a,2026-09-27 17:27:52,TNXoiAJ3dct8Fjg4M9fkLFh9S2v9TXc32G,TC8axQvzJEVR3NKN6mZnJtGy7537GEmh38,3000.0
d0aa17fd1ebacbb2af56db1fdb2333148ac10d073a2014e4f8af6d3c714cfa07_TC8a,2026-09-27 17:27:52,TFTNo6ptqysT73CvTfNpbz1DJuFC5tP7Ru,TC8axQvzJEVR3NKN6mZnJtGy7537GEmh38,317.6363
30f7af1bb1808d36ea600f1dd22196661025e6dd704de5d0213e01ce21b9c4bf_TC8a,2026-09-27 17:27:52,TG6qh5Y9j7G6LemDJwniw3X8Yh2gcDpuNq,TC8axQvzJEVR3NKN6mZnJtGy7537GEmh38,20.602
ee0c28a2e9840881292e89ed133f6d7dc429df780b500ef07c8009375c313d5e_TCu5,2026-09-27 17:27:53,TGjZknuX2KFgqAsnmswS4KEFiHzrp7Xs6V,TCu5onCzXuqxjvVzdB2tR4FLuF66d4yRqf,125.8441
575a0a9c6a834658c2574b3efdf829227fd812a73344901d6379edf9c4f006e6_TCu5,2026-09-27 17:27:53,TBNNa1KJWZrJYQGyTf7LmxQoRh6yTKfPAs,TCu5onCzXuqxjvVzdB2tR4FLuF66d4yRqf,194.74
076b118de558f2bf40e256bd780cf4742e86ad8fa2c14744d174631e990d619e_TCu5,2026-09-27 17:27:53,TAG8V6XqtypiEr6hNBESSc9XmUqpqzAk9w,TCu5onCzXuqxjvVzdB2tR4FLuF66d4yRqf,2.5
d65d010f459170e882edf1d63a993d22c03a94d9f482972ccc12a8e5cc37435c_TCu5,2026-09-27 17:27:53,TPCVQVhpqjNhQtMtKsHoZMwZBTzJzeyCmU,TCu5onCzXuqxjvVzdB2tR4FLuF66d4yRqf,450.0
b5dbb71c93cd61802704c38596ebbe9e831f19c6771bd0a53e6e729174db52d7_TCu5,2026-09-27 17:27:53,TMjvrDzpkDdUST7gKGhCd7BWnxmhuMTAkS,TCu5onCzXuqxjvVzdB2tR4FLuF66d4yRqf,5000.0
55ce5dfec4921aaabb02f77b6e1a9b91be182492d7d9832d8429a082987d8e7c_TCu5,2026-09-27 17:27:53,TDehidx63XCaDd2BWUJuZdQjGgmLBmZ8wN,TCu5onCzXuqxjvVzdB2tR4FLuF66d4yRqf,5000.0
aad09e413416741c36caca462e79f020f62a60eda2989a936ec2504139997955_TCu5,2026-09-27 17:27:53,TYsQqVyppXjpB9HxFLp9PY3GwLkAHDgH7R,TCu5onCzXuqxjvVzdB2tR4FLuF66d4yRqf,22.055
4c3d1934f71fed1f749818d053d8cac34329173bd6cbd2a2a776174776ce4b5b_TCu5,2026-09-27 17:27:53,TMHdZ9jUz3kEEt6KEQYSansG9Giu5x8pLw,TCu5onCzXuqxjvVzdB2tR4FLuF66d4yRqf,132.51
bb2cea02ca9b0249da8da9432d928832ca2024689e0e8fc785881db4206292f2_TCu5,2026-09-27 17:27:53,TMqAM73kpbkRdRq4TojFY62AE3Cdmo7htg,TCu5onCzXuqxjvVzdB2tR4FLuF66d4yRqf,3000.0
dde5d5806e12574753592aff7a988e28a5b1215b9673a086b3f9de851f8653f7_TCu5,2026-09-27 17:27:53,TDHXaxKb4PFaXWS4rp3hNThw2bGyFrnryi,TCu5onCzXuqxjvVzdB2tR4FLuF66d4yRqf,45.5366
2dd3615ac690a342e4eb191d5824d9a5514db35964657510251a2ab06c6251c0_TCu5,2026-09-27 17:27:53,TM72ZS5gftjaVNtG83PrZKQ79g6ZANKqv8,TCu5onCzXuqxjvVzdB2tR4FLuF66d4yRqf,480.15
82335cede0c07ddb4e5d43cf2d1223d91f9b4028930385d444d14351a5a44f0c_TCu5,2026-09-27 17:27:53,TW1P1fQZi9NFpV9m8CBRDWu77wAHDKAjQh,TCu5onCzXuqxjvVzdB2tR4FLuF66d4yRqf,4.9791
d2db9052583c9c053bc8205ae8135ce03c2bc9dfc687fe013cf0938a837d72a2_TCu5,2026-09-27 17:27:53,TSsA6NkVUTyywQi5xAuoZfhHV2Cz2SrmTB,TCu5onCzXuqxjvVzdB2tR4FLuF66d4yRqf,700.0
8ec4f6443bd7de63e13d12b1d71a6004cfe5fa71773368af2e1ffa8d60181e47_TCu5,2026-09-27 17:27:53,TFenyZ4dUDbFmhnxfTjQRYiJZMk3wWFN9p,TCu5onCzXuqxjvVzdB2tR4FLuF66d4yRqf,1428.57
f1c808e0af5fbfaf69651a0019469dd2977a23edd39806b454f4b24c96ab1f60_TCu5,2026-09-27 17:27:53,TLZous4EH5uzodfuAoyro9iMGNayQtCjut,TCu5onCzXuqxjvVzdB2tR4FLuF66d4yRqf,299.0
0bab298ef7eed0d8ae748595c35bf364a4245cdeba3096b21856a22dd6bc8074_TCu5,2026-09-27 17:27:53,TKjaPCARs349sTVA9tcDaDrJCMgzW8GSgK,TCu5onCzXuqxjvVzdB2tR4FLuF66d4yRqf,40000.0
75d1e3b18701e8f8e434c5324fe89002a639fb88188381b4cbe08672bb149f33_TCu5,2026-09-27 17:27:53,TTTxrFS1P4j14rvoxCVmobhRd24o9p4vqB,TCu5onCzXuqxjvVzdB2tR4FLuF66d4yRqf,100.0
9c6b0bca577e8427f79e461be7ec457cf82c5644c2670c5e1544c18766b5e1b2_TCu5,2026-09-27 17:27:53,TQarY2nWKmaT4LwSDKjeGFsiJA9FvfRBwx,TCu5onCzXuqxjvVzdB2tR4FLuF66d4yRqf,45.0
c63637043d4725f750ad47dcc63ec6b6b83030660a03cb0034261e2180681dae_TCu5,2026-09-27 17:27:53,TSWc5BZgYhQLxTiZGNHateRDUeKC1tKecQ,TCu5onCzXuqxjvVzdB2tR4FLuF66d4yRqf,150.0
973208a8e736debed3bf4f202a9d44d25e420b73e65d257da250981099470335_TCu5,2026-09-27 17:27:53,TVvszfeevB61iaVfNEcS2UYwVE9p4AwKMK,TCu5onCzXuqxjvVzdB2tR4FLuF66d4yRqf,330000.0
f642dcd9764beb7303e2bed173910e78cc2756bdfc90e1b77636033943a94ecc_TCu5,2026-09-27 17:27:53,TKry7huqkjn1fAuKcFMuvLZmZfqmPSp4kf,TCu5onCzXuqxjvVzdB2tR4FLuF66d4yRqf,150.0
720db306c8cc325bbc5a8b8b16a140a0d48db76eb9b7d9ce849ca60ac1ac097f_TCu5,2026-09-27 17:27:53,TQkowpV4HX6PtYj8Rygnvp9wnisU5hDPVZ,TCu5onCzXuqxjvVzdB2tR4FLuF66d4yRqf,707.0
983bf77ab5b91c597c8a89b5b152eb6c9461fa2e5dbe17637d43bfa95800bf59_TCu5,2026-09-27 17:27:53,TWkvffFDMsqbmTLkMHMABmw452Hyq98cdn,TCu5onCzXuqxjvVzdB2tR4FLuF66d4yRqf,0.1001
9f218fd2fdc1b1197f7c96cdaa14382b5def8a1132ffdf1712b9cadb0402aeca_TCu5,2026-09-27 17:27:53,TW6uL9yTW5nZ9p8TQjMzgpS8FETheqwRGh,TCu5onCzXuqxjvVzdB2tR4FLuF66d4yRqf,1000.0
7bb0d50487ed0329eb3b9214960cb3a0bdd7ec8dbbc0038329fbe751c9f989eb_TCu5,2026-09-27 17:27:53,TDj3Wt8Tz7UXJWNur31RRFiQ5pdSxpiS5p,TCu5onCzXuqxjvVzdB2tR4FLuF66d4yRqf,254.0
ee0c28a2e9840881292e89ed133f6d7dc429df780b500ef07c8009375c313d5e_TBYR,2026-09-27 17:27:54,TGjZknuX2KFgqAsnmswS4KEFiHzrp7Xs6V,TBYRhsZR7Mdn9ezpGVLwZiNVnGm8wZGLAD,125.8441
575a0a9c6a834658c2574b3efdf829227fd812a73344901d6379edf9c4f006e6_TBYR,2026-09-27 17:27:54,TBNNa1KJWZrJYQGyTf7LmxQoRh6yTKfPAs,TBYRhsZR7Mdn9ezpGVLwZiNVnGm8wZGLAD,194.74
076b118de558f2bf40e256bd780cf4742e86ad8fa2c14744d174631e990d619e_TBYR,2026-09-27 17:27:54,TAG8V6XqtypiEr6hNBESSc9XmUqpqzAk9w,TBYRhsZR7Mdn9ezpGVLwZiNVnGm8wZGLAD,2.5
d65d010f459170e882edf1d63a993d22c03a94d9f482972ccc12a8e5cc37435c_TBYR,2026-09-27 17:27:54,TPCVQVhpqjNhQtMtKsHoZMwZBTzJzeyCmU,TBYRhsZR7Mdn9ezpGVLwZiNVnGm8wZGLAD,450.0
b5dbb71c93cd61802704c38596ebbe9e831f19c6771bd0a53e6e729174db52d7_TBYR,2026-09-27 17:27:54,TMjvrDzpkDdUST7gKGhCd7BWnxmhuMTAkS,TBYRhsZR7Mdn9ezpGVLwZiNVnGm8wZGLAD,5000.0
55ce5dfec4921aaabb02f77b6e1a9b91be182492d7d9832d8429a082987d8e7c_TBYR,2026-09-27 17:27:54,TDehidx63XCaDd2BWUJuZdQjGgmLBmZ8wN,TBYRhsZR7Mdn9ezpGVLwZiNVnGm8wZGLAD,5000.0
aad09e413416741c36caca462e79f020f62a60eda2989a936ec2504139997955_TBYR,2026-09-27 17:27:54,TYsQqVyppXjpB9HxFLp9PY3GwLkAHDgH7R,TBYRhsZR7Mdn9ezpGVLwZiNVnGm8wZGLAD,22.055
4c3d1934f71fed1f749818d053d8cac34329173bd6cbd2a2a776174776ce4b5b_TBYR,2026-09-27 17:27:54,TMHdZ9jUz3kEEt6KEQYSansG9Giu5x8pLw,TBYRhsZR7Mdn9ezpGVLwZiNVnGm8wZGLAD,132.51
bb2cea02ca9b0249da8da9432d928832ca2024689e0e8fc785881db4206292f2_TBYR,2026-09-27 17:27:54,TMqAM73kpbkRdRq4TojFY62AE3Cdmo7htg,TBYRhsZR7Mdn9ezpGVLwZiNVnGm8wZGLAD,3000.0
dde5d5806e12574753592aff7a988e28a5b1215b9673a086b3f9de851f8653f7_TBYR,2026-09-27 17:27:54,TDHXaxKb4PFaXWS4rp3hNThw2bGyFrnryi,TBYRhsZR7Mdn9ezpGVLwZiNVnGm8wZGLAD,45.5366
2dd3615ac690a342e4eb191d5824d9a5514db35964657510251a2ab06c6251c0_TBYR,2026-09-27 17:27:54,TM72ZS5gftjaVNtG83PrZKQ79g6ZANKqv8,TBYRhsZR7Mdn9ezpGVLwZiNVnGm8wZGLAD,480.15
82335cede0c07ddb4e5d43cf2d1223d91f9b4028930385d444d14351a5a44f0c_TBYR,2026-09-27 17:27:54,TW1P1fQZi9NFpV9m8CBRDWu77wAHDKAjQh,TBYRhsZR7Mdn9ezpGVLwZiNVnGm8wZGLAD,4.9791
d2db9052583c9c053bc8205ae8135ce03c2bc9dfc687fe013cf0938a837d72a2_TBYR,2026-09-27 17:27:54,TSsA6NkVUTyywQi5xAuoZfhHV2Cz2SrmTB,TBYRhsZR7Mdn9ezpGVLwZiNVnGm8wZGLAD,700.0
8ec4f6443bd7de63e13d12b1d71a6004cfe5fa71773368af2e1ffa8d60181e47_TBYR,2026-09-27 17:27:54,TFenyZ4dUDbFmhnxfTjQRYiJZMk3wWFN9p,TBYRhsZR7Mdn9ezpGVLwZiNVnGm8wZGLAD,1428.57
f1c808e0af5fbfaf69651a0019469dd2977a23edd39806b454f4b24c96ab1f60_TBYR,2026-09-27 17:27:54,TLZous4EH5uzodfuAoyro9iMGNayQtCjut,TBYRhsZR7Mdn9ezpGVLwZiNVnGm8wZGLAD,299.0
0bab298ef7eed0d8ae748595c35bf364a4245cdeba3096b21856a22dd6bc8074_TBYR,2026-09-27 17:27:54,TKjaPCARs349sTVA9tcDaDrJCMgzW8GSgK,TBYRhsZR7Mdn9ezpGVLwZiNVnGm8wZGLAD,40000.0
75d1e3b18701e8f8e434c5324fe89002a639fb88188381b4cbe08672bb149f33_TBYR,2026-09-27 17:27:54,TTTxrFS1P4j14rvoxCVmobhRd24o9p4vqB,TBYRhsZR7Mdn9ezpGVLwZiNVnGm8wZGLAD,100.0
9c6b0bca577e8427f79e461be7ec457cf82c5644c2670c5e1544c18766b5e1b2_TBYR,2026-09-27 17:27:54,TQarY2nWKmaT4LwSDKjeGFsiJA9FvfRBwx,TBYRhsZR7Mdn9ezpGVLwZiNVnGm8wZGLAD,45.0
c63637043d4725f750ad47dcc63ec6b6b83030660a03cb0034261e2180681dae_TBYR,2026-09-27 17:27:54,TSWc5BZgYhQLxTiZGNHateRDUeKC1tKecQ,TBYRhsZR7Mdn9ezpGVLwZiNVnGm8wZGLAD,150.0
973208a8e736debed3bf4f202a9d44d25e420b73e65d257da250981099470335_TBYR,2026-09-27 17:27:54,TVvszfeevB61iaVfNEcS2UYwVE9p4AwKMK,TBYRhsZR7Mdn9ezpGVLwZiNVnGm8wZGLAD,330000.0
f642dcd9764beb7303e2bed173910e78cc2756bdfc90e1b77636033943a94ecc_TBYR,2026-09-27 17:27:54,TKry7huqkjn1fAuKcFMuvLZmZfqmPSp4kf,TBYRhsZR7Mdn9ezpGVLwZiNVnGm8wZGLAD,150.0
720db306c8cc325bbc5a8b8b16a140a0d48db76eb9b7d9ce849ca60ac1ac097f_TBYR,2026-09-27 17:27:54,TQkowpV4HX6PtYj8Rygnvp9wnisU5hDPVZ,TBYRhsZR7Mdn9ezpGVLwZiNVnGm8wZGLAD,707.0
983bf77ab5b91c597c8a89b5b152eb6c9461fa2e5dbe17637d43bfa95800bf59_TBYR,2026-09-27 17:27:54,TWkvffFDMsqbmTLkMHMABmw452Hyq98cdn,TBYRhsZR7Mdn9ezpGVLwZiNVnGm8wZGLAD,0.1001
9f218fd2fdc1b1197f7c96cdaa14382b5def8a1132ffdf1712b9cadb0402aeca_TBYR,2026-09-27 17:27:54,TW6uL9yTW5nZ9p8TQjMzgpS8FETheqwRGh,TBYRhsZR7Mdn9ezpGVLwZiNVnGm8wZGLAD,1000.0
7bb0d50487ed0329eb3b9214960cb3a0bdd7ec8dbbc0038329fbe751c9f989eb_TBYR,2026-09-27 17:27:54,TDj3Wt8Tz7UXJWNur31RRFiQ5pdSxpiS5p,TBYRhsZR7Mdn9ezpGVLwZiNVnGm8wZGLAD,254.0
ee0c28a2e9840881292e89ed133f6d7dc429df780b500ef07c8009375c313d5e_TMuA,2026-09-27 17:27:54,TGjZknuX2KFgqAsnmswS4KEFiHzrp7Xs6V,TMuA6YWoEjWMptRvwUwBNbxVxYbmPFjLgS,125.8441
575a0a9c6a834658c2574b3efdf829227fd812a73344901d6379edf9c4f006e6_TMuA,2026-09-27 17:27:54,TBNNa1KJWZrJYQGyTf7LmxQoRh6yTKfPAs,TMuA6YWoEjWMptRvwUwBNbxVxYbmPFjLgS,194.74
076b118de558f2bf40e256bd780cf4742e86ad8fa2c14744d174631e990d619e_TMuA,2026-09-27 17:27:54,TAG8V6XqtypiEr6hNBESSc9XmUqpqzAk9w,TMuA6YWoEjWMptRvwUwBNbxVxYbmPFjLgS,2.5
d65d010f459170e882edf1d63a993d22c03a94d9f482972ccc12a8e5cc37435c_TMuA,2026-09-27 17:27:54,TPCVQVhpqjNhQtMtKsHoZMwZBTzJzeyCmU,TMuA6YWoEjWMptRvwUwBNbxVxYbmPFjLgS,450.0
b5dbb71c93cd61802704c38596ebbe9e831f19c6771bd0a53e6e729174db52d7_TMuA,2026-09-27 17:27:54,TMjvrDzpkDdUST7gKGhCd7BWnxmhuMTAkS,TMuA6YWoEjWMptRvwUwBNbxVxYbmPFjLgS,5000.0
55ce5dfec4921aaabb02f77b6e1a9b91be182492d7d9832d8429a082987d8e7c_TMuA,2026-09-27 17:27:54,TDehidx63XCaDd2BWUJuZdQjGgmLBmZ8wN,TMuA6YWoEjWMptRvwUwBNbxVxYbmPFjLgS,5000.0
aad09e413416741c36caca462e79f020f62a60eda2989a936ec2504139997955_TMuA,2026-09-27 17:27:54,TYsQqVyppXjpB9HxFLp9PY3GwLkAHDgH7R,TMuA6YWoEjWMptRvwUwBNbxVxYbmPFjLgS,22.055
4c3d1934f71fed1f749818d053d8cac34329173bd6cbd2a2a776174776ce4b5b_TMuA,2026-09-27 17:27:54,TMHdZ9jUz3kEEt6KEQYSansG9Giu5x8pLw,TMuA6YWoEjWMptRvwUwBNbxVxYbmPFjLgS,132.51
bb2cea02ca9b0249da8da9432d928832ca2024689e0e8fc785881db4206292f2_TMuA,2026-09-27 17:27:54,TMqAM73kpbkRdRq4TojFY62AE3Cdmo7htg,TMuA6YWoEjWMptRvwUwBNbxVxYbmPFjLgS,3000.0
dde5d5806e12574753592aff7a988e28a5b1215b9673a086b3f9de851f8653f7_TMuA,2026-09-27 17:27:54,TDHXaxKb4PFaXWS4rp3hNThw2bGyFrnryi,TMuA6YWoEjWMptRvwUwBNbxVxYbmPFjLgS,45.5366
2dd3615ac690a342e4eb191d5824d9a5514db35964657510251a2ab06c6251c0_TMuA,2026-09-27 17:27:54,TM72ZS5gftjaVNtG83PrZKQ79g6ZANKqv8,TMuA6YWoEjWMptRvwUwBNbxVxYbmPFjLgS,480.15
82335cede0c07ddb4e5d43cf2d1223d91f9b4028930385d444d14351a5a44f0c_TMuA,2026-09-27 17:27:54,TW1P1fQZi9NFpV9m8CBRDWu77wAHDKAjQh,TMuA6YWoEjWMptRvwUwBNbxVxYbmPFjLgS,4.9791
d2db9052583c9c053bc8205ae8135ce03c2bc9dfc687fe013cf0938a837d72a2_TMuA,2026-09-27 17:27:54,TSsA6NkVUTyywQi5xAuoZfhHV2Cz2SrmTB,TMuA6YWoEjWMptRvwUwBNbxVxYbmPFjLgS,700.0
8ec4f6443bd7de63e13d12b1d71a6004cfe5fa71773368af2e1ffa8d60181e47_TMuA,2026-09-27 17:27:54,TFenyZ4dUDbFmhnxfTjQRYiJZMk3wWFN9p,TMuA6YWoEjWMptRvwUwBNbxVxYbmPFjLgS,1428.57
f1c808e0af5fbfaf69651a0019469dd2977a23edd39806b454f4b24c96ab1f60_TMuA,2026-09-27 17:27:54,TLZous4EH5uzodfuAoyro9iMGNayQtCjut,TMuA6YWoEjWMptRvwUwBNbxVxYbmPFjLgS,299.0
0bab298ef7eed0d8ae748595c35bf364a4245cdeba3096b21856a22dd6bc8074_TMuA,2026-09-27 17:27:54,TKjaPCARs349sTVA9tcDaDrJCMgzW8GSgK,TMuA6YWoEjWMptRvwUwBNbxVxYbmPFjLgS,40000.0
75d1e3b18701e8f8e434c5324fe89002a639fb88188381b4cbe08672bb149f33_TMuA,2026-09-27 17:27:54,TTTxrFS1P4j14rvoxCVmobhRd24o9p4vqB,TMuA6YWoEjWMptRvwUwBNbxVxYbmPFjLgS,100.0
9c6b0bca577e8427f79e461be7ec457cf82c5644c2670c5e1544c18766b5e1b2_TMuA,2026-09-27 17:27:54,TQarY2nWKmaT4LwSDKjeGFsiJA9FvfRBwx,TMuA6YWoEjWMptRvwUwBNbxVxYbmPFjLgS,45.0
c63637043d4725f750ad47dcc63ec6b6b83030660a03cb0034261e2180681dae_TMuA,2026-09-27 17:27:54,TSWc5BZgYhQLxTiZGNHateRDUeKC1tKecQ,TMuA6YWoEjWMptRvwUwBNbxVxYbmPFjLgS,150.0
973208a8e736debed3bf4f202a9d44d25e420b73e65d257da250981099470335_TMuA,2026-09-27 17:27:54,TVvszfeevB61iaVfNEcS2UYwVE9p4AwKMK,TMuA6YWoEjWMptRvwUwBNbxVxYbmPFjLgS,330000.0
f642dcd9764beb7303e2bed173910e78cc2756bdfc90e1b77636033943a94ecc_TMuA,2026-09-27 17:27:54,TKry7huqkjn1fAuKcFMuvLZmZfqmPSp4kf,TMuA6YWoEjWMptRvwUwBNbxVxYbmPFjLgS,150.0
720db306c8cc325bbc5a8b8b16a140a0d48db76eb9b7d9ce849ca60ac1ac097f_TMuA,2026-09-27 17:27:54,TQkowpV4HX6PtYj8Rygnvp9wnisU5hDPVZ,TMuA6YWoEjWMptRvwUwBNbxVxYbmPFjLgS,707.0
983bf77ab5b91c597c8a89b5b152eb6c9461fa2e5dbe17637d43bfa95800bf59_TMuA,2026-09-27 17:27:54,TWkvffFDMsqbmTLkMHMABmw452Hyq98cdn,TMuA6YWoEjWMptRvwUwBNbxVxYbmPFjLgS,0.1001
9f218fd2fdc1b1197f7c96cdaa14382b5def8a1132ffdf1712b9cadb0402aeca_TMuA,2026-09-27 17:27:54,TW6uL9yTW5nZ9p8TQjMzgpS8FETheqwRGh,TMuA6YWoEjWMptRvwUwBNbxVxYbmPFjLgS,1000.0
7bb0d50487ed0329eb3b9214960cb3a0bdd7ec8dbbc0038329fbe751c9f989eb_TMuA,2026-09-27 17:27:54,TDj3Wt8Tz7UXJWNur31RRFiQ5pdSxpiS5p,TMuA6YWoEjWMptRvwUwBNbxVxYbmPFjLgS,254.0
ee0c28a2e9840881292e89ed133f6d7dc429df780b500ef07c8009375c313d5e_TJCn,2026-09-27 17:27:55,TGjZknuX2KFgqAsnmswS4KEFiHzrp7Xs6V,TJCnKsPaRM2w3fKmzqwbPmdjhZWaH2vBpq,125.8441
575a0a9c6a834658c2574b3efdf829227fd812a73344901d6379edf9c4f006e6_TJCn,2026-09-27 17:27:55,TBNNa1KJWZrJYQGyTf7LmxQoRh6yTKfPAs,TJCnKsPaRM2w3fKmzqwbPmdjhZWaH2vBpq,194.74
076b118de558f2bf40e256bd780cf4742e86ad8fa2c14744d174631e990d619e_TJCn,2026-09-27 17:27:55,TAG8V6XqtypiEr6hNBESSc9XmUqpqzAk9w,TJCnKsPaRM2w3fKmzqwbPmdjhZWaH2vBpq,2.5
d65d010f459170e882edf1d63a993d22c03a94d9f482972ccc12a8e5cc37435c_TJCn,2026-09-27 17:27:55,TPCVQVhpqjNhQtMtKsHoZMwZBTzJzeyCmU,TJCnKsPaRM2w3fKmzqwbPmdjhZWaH2vBpq,450.0
b5dbb71c93cd61802704c38596ebbe9e831f19c6771bd0a53e6e729174db52d7_TJCn,2026-09-27 17:27:55,TMjvrDzpkDdUST7gKGhCd7BWnxmhuMTAkS,TJCnKsPaRM2w3fKmzqwbPmdjhZWaH2vBpq,5000.0
55ce5dfec4921aaabb02f77b6e1a9b91be182492d7d9832d8429a082987d8e7c_TJCn,2026-09-27 17:27:55,TDehidx63XCaDd2BWUJuZdQjGgmLBmZ8wN,TJCnKsPaRM2w3fKmzqwbPmdjhZWaH2vBpq,5000.0
aad09e413416741c36caca462e79f020f62a60eda2989a936ec2504139997955_TJCn,2026-09-27 17:27:55,TYsQqVyppXjpB9HxFLp9PY3GwLkAHDgH7R,TJCnKsPaRM2w3fKmzqwbPmdjhZWaH2vBpq,22.055
4c3d1934f71fed1f749818d053d8cac34329173bd6cbd2a2a776174776ce4b5b_TJCn,2026-09-27 17:27:55,TMHdZ9jUz3kEEt6KEQYSansG9Giu5x8pLw,TJCnKsPaRM2w3fKmzqwbPmdjhZWaH2vBpq,132.51
bb2cea02ca9b0249da8da9432d928832ca2024689e0e8fc785881db4206292f2_TJCn,2026-09-27 17:27:55,TMqAM73kpbkRdRq4TojFY62AE3Cdmo7htg,TJCnKsPaRM2w3fKmzqwbPmdjhZWaH2vBpq,3000.0
dde5d5806e12574753592aff7a988e28a5b1215b9673a086b3f9de851f8653f7_TJCn,2026-09-27 17:27:55,TDHXaxKb4PFaXWS4rp3hNThw2bGyFrnryi,TJCnKsPaRM2w3fKmzqwbPmdjhZWaH2vBpq,45.5366
2dd3615ac690a342e4eb191d5824d9a5514db35964657510251a2ab06c6251c0_TJCn,2026-09-27 17:27:55,TM72ZS5gftjaVNtG83PrZKQ79g6ZANKqv8,TJCnKsPaRM2w3fKmzqwbPmdjhZWaH2vBpq,480.15
82335cede0c07ddb4e5d43cf2d1223d91f9b4028930385d444d14351a5a44f0c_TJCn,2026-09-27 17:27:55,TW1P1fQZi9NFpV9m8CBRDWu77wAHDKAjQh,TJCnKsPaRM2w3fKmzqwbPmdjhZWaH2vBpq,4.9791
d2db9052583c9c053bc8205ae8135ce03c2bc9dfc687fe013cf0938a837d72a2_TJCn,2026-09-27 17:27:55,TSsA6NkVUTyywQi5xAuoZfhHV2Cz2SrmTB,TJCnKsPaRM2w3fKmzqwbPmdjhZWaH2vBpq,700.0
8ec4f6443bd7de63e13d12b1d71a6004cfe5fa71773368af2e1ffa8d60181e47_TJCn,2026-09-27 17:27:55,TFenyZ4dUDbFmhnxfTjQRYiJZMk3wWFN9p,TJCnKsPaRM2w3fKmzqwbPmdjhZWaH2vBpq,1428.57
f1c808e0af5fbfaf69651a0019469dd2977a23edd39806b454f4b24c96ab1f60_TJCn,2026-09-27 17:27:55,TLZous4EH5uzodfuAoyro9iMGNayQtCjut,TJCnKsPaRM2w3fKmzqwbPmdjhZWaH2vBpq,299.0
0bab298ef7eed0d8ae748595c35bf364a4245cdeba3096b21856a22dd6bc8074_TJCn,2026-09-27 17:27:55,TKjaPCARs349sTVA9tcDaDrJCMgzW8GSgK,TJCnKsPaRM2w3fKmzqwbPmdjhZWaH2vBpq,40000.0
75d1e3b18701e8f8e434c5324fe89002a639fb88188381b4cbe08672bb149f33_TJCn,2026-09-27 17:27:55,TTTxrFS1P4j14rvoxCVmobhRd24o9p4vqB,TJCnKsPaRM2w3fKmzqwbPmdjhZWaH2vBpq,100.0
9c6b0bca577e8427f79e461be7ec457cf82c5644c2670c5e1544c18766b5e1b2_TJCn,2026-09-27 17:27:55,TQarY2nWKmaT4LwSDKjeGFsiJA9FvfRBwx,TJCnKsPaRM2w3fKmzqwbPmdjhZWaH2vBpq,45.0
c63637043d4725f750ad47dcc63ec6b6b83030660a03cb0034261e2180681dae_TJCn,2026-09-27 17:27:55,TSWc5BZgYhQLxTiZGNHateRDUeKC1tKecQ,TJCnKsPaRM2w3fKmzqwbPmdjhZWaH2vBpq,150.0
973208a8e736debed3bf4f202a9d44d25e420b73e65d257da250981099470335_TJCn,2026-09-27 17:27:55,TVvszfeevB61iaVfNEcS2UYwVE9p4AwKMK,TJCnKsPaRM2w3fKmzqwbPmdjhZWaH2vBpq,330000.0
f642dcd9764beb7303e2bed173910e78cc2756bdfc90e1b77636033943a94ecc_TJCn,2026-09-27 17:27:55,TKry7huqkjn1fAuKcFMuvLZmZfqmPSp4kf,TJCnKsPaRM2w3fKmzqwbPmdjhZWaH2vBpq,150.0
720db306c8cc325bbc5a8b8b16a140a0d48db76eb9b7d9ce849ca60ac1ac097f_TJCn,2026-09-27 17:27:55,TQkowpV4HX6PtYj8Rygnvp9wnisU5hDPVZ,TJCnKsPaRM2w3fKmzqwbPmdjhZWaH2vBpq,707.0
983bf77ab5b91c597c8a89b5b152eb6c9461fa2e5dbe17637d43bfa95800bf59_TJCn,2026-09-27 17:27:55,TWkvffFDMsqbmTLkMHMABmw452Hyq98cdn,TJCnKsPaRM2w3fKmzqwbPmdjhZWaH2vBpq,0.1001
9f218fd2fdc1b1197f7c96cdaa14382b5def8a1132ffdf1712b9cadb0402aeca_TJCn,2026-09-27 17:27:55,TW6uL9yTW5nZ9p8TQjMzgpS8FETheqwRGh,TJCnKsPaRM2w3fKmzqwbPmdjhZWaH2vBpq,1000.0
7bb0d50487ed0329eb3b9214960cb3a0bdd7ec8dbbc0038329fbe751c9f989eb_TJCn,2026-09-27 17:27:55,TDj3Wt8Tz7UXJWNur31RRFiQ5pdSxpiS5p,TJCnKsPaRM2w3fKmzqwbPmdjhZWaH2vBpq,254.0
ee0c28a2e9840881292e89ed133f6d7dc429df780b500ef07c8009375c313d5e_T9yD,2026-09-27 17:27:55,TGjZknuX2KFgqAsnmswS4KEFiHzrp7Xs6V,T9yD14Nj9j7xAB4dbGeiX9h8unkKHxuWwb,125.8441
575a0a9c6a834658c2574b3efdf829227fd812a73344901d6379edf9c4f006e6_T9yD,2026-09-27 17:27:55,TBNNa1KJWZrJYQGyTf7LmxQoRh6yTKfPAs,T9yD14Nj9j7xAB4dbGeiX9h8unkKHxuWwb,194.74
076b118de558f2bf40e256bd780cf4742e86ad8fa2c14744d174631e990d619e_T9yD,2026-09-27 17:27:55,TAG8V6XqtypiEr6hNBESSc9XmUqpqzAk9w,T9yD14Nj9j7xAB4dbGeiX9h8unkKHxuWwb,2.5
d65d010f459170e882edf1d63a993d22c03a94d9f482972ccc12a8e5cc37435c_T9yD,2026-09-27 17:27:55,TPCVQVhpqjNhQtMtKsHoZMwZBTzJzeyCmU,T9yD14Nj9j7xAB4dbGeiX9h8unkKHxuWwb,450.0
b5dbb71c93cd61802704c38596ebbe9e831f19c6771bd0a53e6e729174db52d7_T9yD,2026-09-27 17:27:55,TMjvrDzpkDdUST7gKGhCd7BWnxmhuMTAkS,T9yD14Nj9j7xAB4dbGeiX9h8unkKHxuWwb,5000.0
55ce5dfec4921aaabb02f77b6e1a9b91be182492d7d9832d8429a082987d8e7c_T9yD,2026-09-27 17:27:55,TDehidx63XCaDd2BWUJuZdQjGgmLBmZ8wN,T9yD14Nj9j7xAB4dbGeiX9h8unkKHxuWwb,5000.0
aad09e413416741c36caca462e79f020f62a60eda2989a936ec2504139997955_T9yD,2026-09-27 17:27:55,TYsQqVyppXjpB9HxFLp9PY3GwLkAHDgH7R,T9yD14Nj9j7xAB4dbGeiX9h8unkKHxuWwb,22.055
4c3d1934f71fed1f749818d053d8cac34329173bd6cbd2a2a776174776ce4b5b_T9yD,2026-09-27 17:27:55,TMHdZ9jUz3kEEt6KEQYSansG9Giu5x8pLw,T9yD14Nj9j7xAB4dbGeiX9h8unkKHxuWwb,132.51
bb2cea02ca9b0249da8da9432d928832ca2024689e0e8fc785881db4206292f2_T9yD,2026-09-27 17:27:55,TMqAM73kpbkRdRq4TojFY62AE3Cdmo7htg,T9yD14Nj9j7xAB4dbGeiX9h8unkKHxuWwb,3000.0
dde5d5806e12574753592aff7a988e28a5b1215b9673a086b3f9de851f8653f7_T9yD,2026-09-27 17:27:55,TDHXaxKb4PFaXWS4rp3hNThw2bGyFrnryi,T9yD14Nj9j7xAB4dbGeiX9h8unkKHxuWwb,45.5366
2dd3615ac690a342e4eb191d5824d9a5514db35964657510251a2ab06c6251c0_T9yD,2026-09-27 17:27:55,TM72ZS5gftjaVNtG83PrZKQ79g6ZANKqv8,T9yD14Nj9j7xAB4dbGeiX9h8unkKHxuWwb,480.15
82335cede0c07ddb4e5d43cf2d1223d91f9b4028930385d444d14351a5a44f0c_T9yD,2026-09-27 17:27:55,TW1P1fQZi9NFpV9m8CBRDWu77wAHDKAjQh,T9yD14Nj9j7xAB4dbGeiX9h8unkKHxuWwb,4.9791
d2db9052583c9c053bc8205ae8135ce03c2bc9dfc687fe013cf0938a837d72a2_T9yD,2026-09-27 17:27:55,TSsA6NkVUTyywQi5xAuoZfhHV2Cz2SrmTB,T9yD14Nj9j7xAB4dbGeiX9h8unkKHxuWwb,700.0
8ec4f6443bd7de63e13d12b1d71a6004cfe5fa71773368af2e1ffa8d60181e47_T9yD,2026-09-27 17:27:55,TFenyZ4dUDbFmhnxfTjQRYiJZMk3wWFN9p,T9yD14Nj9j7xAB4dbGeiX9h8unkKHxuWwb,1428.57
f1c808e0af5fbfaf69651a0019469dd2977a23edd39806b454f4b24c96ab1f60_T9yD,2026-09-27 17:27:55,TLZous4EH5uzodfuAoyro9iMGNayQtCjut,T9yD14Nj9j7xAB4dbGeiX9h8unkKHxuWwb,299.0
0bab298ef7eed0d8ae748595c35bf364a4245cdeba3096b21856a22dd6bc8074_T9yD,2026-09-27 17:27:55,TKjaPCARs349sTVA9tcDaDrJCMgzW8GSgK,T9yD14Nj9j7xAB4dbGeiX9h8unkKHxuWwb,40000.0
75d1e3b18701e8f8e434c5324fe89002a639fb88188381b4cbe08672bb149f33_T9yD,2026-09-27 17:27:55,TTTxrFS1P4j14rvoxCVmobhRd24o9p4vqB,T9yD14Nj9j7xAB4dbGeiX9h8unkKHxuWwb,100.0
9c6b0bca577e8427f79e461be7ec457cf82c5644c2670c5e1544c18766b5e1b2_T9yD,2026-09-27 17:27:55,TQarY2nWKmaT4LwSDKjeGFsiJA9FvfRBwx,T9yD14Nj9j7xAB4dbGeiX9h8unkKHxuWwb,45.0
c63637043d4725f750ad47dcc63ec6b6b83030660a03cb0034261e2180681dae_T9yD,2026-09-27 17:27:55,TSWc5BZgYhQLxTiZGNHateRDUeKC1tKecQ,T9yD14Nj9j7xAB4dbGeiX9h8unkKHxuWwb,150.0
973208a8e736debed3bf4f202a9d44d25e420b73e65d257da250981099470335_T9yD,2026-09-27 17:27:55,TVvszfeevB61iaVfNEcS2UYwVE9p4AwKMK,T9yD14Nj9j7xAB4dbGeiX9h8unkKHxuWwb,330000.0
f642dcd9764beb7303e2bed173910e78cc2756bdfc90e1b77636033943a94ecc_T9yD,2026-09-27 17:27:55,TKry7huqkjn1fAuKcFMuvLZmZfqmPSp4kf,T9yD14Nj9j7xAB4dbGeiX9h8unkKHxuWwb,150.0
720db306c8cc325bbc5a8b8b16a140a0d48db76eb9b7d9ce849ca60ac1ac097f_T9yD,2026-09-27 17:27:55,TQkowpV4HX6PtYj8Rygnvp9wnisU5hDPVZ,T9yD14Nj9j7xAB4dbGeiX9h8unkKHxuWwb,707.0
983bf77ab5b91c597c8a89b5b152eb6c9461fa2e5dbe17637d43bfa95800bf59_T9yD,2026-09-27 17:27:55,TWkvffFDMsqbmTLkMHMABmw452Hyq98cdn,T9yD14Nj9j7xAB4dbGeiX9h8unkKHxuWwb,0.1001
9f218fd2fdc1b1197f7c96cdaa14382b5def8a1132ffdf1712b9cadb0402aeca_T9yD,2026-09-27 17:27:55,TW6uL9yTW5nZ9p8TQjMzgpS8FETheqwRGh,T9yD14Nj9j7xAB4dbGeiX9h8unkKHxuWwb,1000.0
7bb0d50487ed0329eb3b9214960cb3a0bdd7ec8dbbc0038329fbe751c9f989eb_T9yD,2026-09-27 17:27:55,TDj3Wt8Tz7UXJWNur31RRFiQ5pdSxpiS5p,T9yD14Nj9j7xAB4dbGeiX9h8unkKHxuWwb,254.0
ee0c28a2e9840881292e89ed133f6d7dc429df780b500ef07c8009375c313d5e_TKhu,2026-09-27 17:27:56,TGjZknuX2KFgqAsnmswS4KEFiHzrp7Xs6V,TKhuVqBsqeaEsioQWjPZXa8CV8D1KVoVGP,125.8441
575a0a9c6a834658c2574b3efdf829227fd812a73344901d6379edf9c4f006e6_TKhu,2026-09-27 17:27:56,TBNNa1KJWZrJYQGyTf7LmxQoRh6yTKfPAs,TKhuVqBsqeaEsioQWjPZXa8CV8D1KVoVGP,194.74
076b118de558f2bf40e256bd780cf4742e86ad8fa2c14744d174631e990d619e_TKhu,2026-09-27 17:27:56,TAG8V6XqtypiEr6hNBESSc9XmUqpqzAk9w,TKhuVqBsqeaEsioQWjPZXa8CV8D1KVoVGP,2.5
d65d010f459170e882edf1d63a993d22c03a94d9f482972ccc12a8e5cc37435c_TKhu,2026-09-27 17:27:56,TPCVQVhpqjNhQtMtKsHoZMwZBTzJzeyCmU,TKhuVqBsqeaEsioQWjPZXa8CV8D1KVoVGP,450.0
b5dbb71c93cd61802704c38596ebbe9e831f19c6771bd0a53e6e729174db52d7_TKhu,2026-09-27 17:27:56,TMjvrDzpkDdUST7gKGhCd7BWnxmhuMTAkS,TKhuVqBsqeaEsioQWjPZXa8CV8D1KVoVGP,5000.0
55ce5dfec4921aaabb02f77b6e1a9b91be182492d7d9832d8429a082987d8e7c_TKhu,2026-09-27 17:27:56,TDehidx63XCaDd2BWUJuZdQjGgmLBmZ8wN,TKhuVqBsqeaEsioQWjPZXa8CV8D1KVoVGP,5000.0
aad09e413416741c36caca462e79f020f62a60eda2989a936ec2504139997955_TKhu,2026-09-27 17:27:56,TYsQqVyppXjpB9HxFLp9PY3GwLkAHDgH7R,TKhuVqBsqeaEsioQWjPZXa8CV8D1KVoVGP,22.055
4c3d1934f71fed1f749818d053d8cac34329173bd6cbd2a2a776174776ce4b5b_TKhu,2026-09-27 17:27:56,TMHdZ9jUz3kEEt6KEQYSansG9Giu5x8pLw,TKhuVqBsqeaEsioQWjPZXa8CV8D1KVoVGP,132.51
bb2cea02ca9b0249da8da9432d928832ca2024689e0e8fc785881db4206292f2_TKhu,2026-09-27 17:27:56,TMqAM73kpbkRdRq4TojFY62AE3Cdmo7htg,TKhuVqBsqeaEsioQWjPZXa8CV8D1KVoVGP,3000.0
dde5d5806e12574753592aff7a988e28a5b1215b9673a086b3f9de851f8653f7_TKhu,2026-09-27 17:27:56,TDHXaxKb4PFaXWS4rp3hNThw2bGyFrnryi,TKhuVqBsqeaEsioQWjPZXa8CV8D1KVoVGP,45.5366
2dd3615ac690a342e4eb191d5824d9a5514db35964657510251a2ab06c6251c0_TKhu,2026-09-27 17:27:56,TM72ZS5gftjaVNtG83PrZKQ79g6ZANKqv8,TKhuVqBsqeaEsioQWjPZXa8CV8D1KVoVGP,480.15
82335cede0c07ddb4e5d43cf2d1223d91f9b4028930385d444d14351a5a44f0c_TKhu,2026-09-27 17:27:56,TW1P1fQZi9NFpV9m8CBRDWu77wAHDKAjQh,TKhuVqBsqeaEsioQWjPZXa8CV8D1KVoVGP,4.9791
d2db9052583c9c053bc8205ae8135ce03c2bc9dfc687fe013cf0938a837d72a2_TKhu,2026-09-27 17:27:56,TSsA6NkVUTyywQi5xAuoZfhHV2Cz2SrmTB,TKhuVqBsqeaEsioQWjPZXa8CV8D1KVoVGP,700.0
8ec4f6443bd7de63e13d12b1d71a6004cfe5fa71773368af2e1ffa8d60181e47_TKhu,2026-09-27 17:27:56,TFenyZ4dUDbFmhnxfTjQRYiJZMk3wWFN9p,TKhuVqBsqeaEsioQWjPZXa8CV8D1KVoVGP,1428.57
f1c808e0af5fbfaf69651a0019469dd2977a23edd39806b454f4b24c96ab1f60_TKhu,2026-09-27 17:27:56,TLZous4EH5uzodfuAoyro9iMGNayQtCjut,TKhuVqBsqeaEsioQWjPZXa8CV8D1KVoVGP,299.0
0bab298ef7eed0d8ae748595c35bf364a4245cdeba3096b21856a22dd6bc8074_TKhu,2026-09-27 17:27:56,TKjaPCARs349sTVA9tcDaDrJCMgzW8GSgK,TKhuVqBsqeaEsioQWjPZXa8CV8D1KVoVGP,40000.0
75d1e3b18701e8f8e434c5324fe89002a639fb88188381b4cbe08672bb149f33_TKhu,2026-09-27 17:27:56,TTTxrFS1P4j14rvoxCVmobhRd24o9p4vqB,TKhuVqBsqeaEsioQWjPZXa8CV8D1KVoVGP,100.0
9c6b0bca577e8427f79e461be7ec457cf82c5644c2670c5e1544c18766b5e1b2_TKhu,2026-09-27 17:27:56,TQarY2nWKmaT4LwSDKjeGFsiJA9FvfRBwx,TKhuVqBsqeaEsioQWjPZXa8CV8D1KVoVGP,45.0
c63637043d4725f750ad47dcc63ec6b6b83030660a03cb0034261e2180681dae_TKhu,2026-09-27 17:27:56,TSWc5BZgYhQLxTiZGNHateRDUeKC1tKecQ,TKhuVqBsqeaEsioQWjPZXa8CV8D1KVoVGP,150.0
973208a8e736debed3bf4f202a9d44d25e420b73e65d257da250981099470335_TKhu,2026-09-27 17:27:56,TVvszfeevB61iaVfNEcS2UYwVE9p4AwKMK,TKhuVqBsqeaEsioQWjPZXa8CV8D1KVoVGP,330000.0
f642dcd9764beb7303e2bed173910e78cc2756bdfc90e1b77636033943a94ecc_TKhu,2026-09-27 17:27:56,TKry7huqkjn1fAuKcFMuvLZmZfqmPSp4kf,TKhuVqBsqeaEsioQWjPZXa8CV8D1KVoVGP,150.0
720db306c8cc325bbc5a8b8b16a140a0d48db76eb9b7d9ce849ca60ac1ac097f_TKhu,2026-09-27 17:27:56,TQkowpV4HX6PtYj8Rygnvp9wnisU5hDPVZ,TKhuVqBsqeaEsioQWjPZXa8CV8D1KVoVGP,707.0
983bf77ab5b91c597c8a89b5b152eb6c9461fa2e5dbe17637d43bfa95800bf59_TKhu,2026-09-27 17:27:56,TWkvffFDMsqbmTLkMHMABmw452Hyq98cdn,TKhuVqBsqeaEsioQWjPZXa8CV8D1KVoVGP,0.1001
9f218fd2fdc1b1197f7c96cdaa14382b5def8a1132ffdf1712b9cadb0402aeca_TKhu,2026-09-27 17:27:56,TW6uL9yTW5nZ9p8TQjMzgpS8FETheqwRGh,TKhuVqBsqeaEsioQWjPZXa8CV8D1KVoVGP,1000.0
7bb0d50487ed0329eb3b9214960cb3a0bdd7ec8dbbc0038329fbe751c9f989eb_TKhu,2026-09-27 17:27:56,TDj3Wt8Tz7UXJWNur31RRFiQ5pdSxpiS5p,TKhuVqBsqeaEsioQWjPZXa8CV8D1KVoVGP,254.0
98c9d2b27ac7af8c803c46a3f58bde5119ccd1065461102cdb2dbafa9a16e8ac_TNXa,2026-09-27 17:27:56,TTSH1ovMj8MVKChcRmoKXCLVA76F13tmSR,TNXasaWq49v71J5L2vJd14x58F3k9f4q1a,700.0
9f7d5ff5cba741eaeb508e7a6fc2ea1509bcb9ee0c64554dc17514b8b5b57ba1_TNXa,2026-09-27 17:27:56,TCEEJKaAT4mF3AsjqwUUHmHvosq67x3FTz,TNXasaWq49v71J5L2vJd14x58F3k9f4q1a,43.581
eecb3be60d34a13db4a211b380cab7e004b7de4b6743012a7da9fe9991587569_TNXa,2026-09-27 17:27:56,TJ26BTkidA99fBY5BGcgqQQKJFrWAmd9Ku,TNXasaWq49v71J5L2vJd14x58F3k9f4q1a,96.89
5b03e122bb207077b9060d5527488f6788d6c1e8e9e9cf1d2d56c34684fa6acb_TNXa,2026-09-27 17:27:56,TX2vyiCqyR3qUkSXtVgHxp6yF3ZGuexbaK,TNXasaWq49v71J5L2vJd14x58F3k9f4q1a,3464.0
464a5cfa26ccc8b1cdde2b91f55d7123b671c362939b3ca56350dd05ffa0fb7a_TNXa,2026-09-27 17:27:56,TDk1Wm8cXXEbkgwCVDsvGvVMVUFL8gXpsk,TNXasaWq49v71J5L2vJd14x58F3k9f4q1a,148.5
3af9145c286d8d79d35cd01d08412f179547acb4dcf30124bb008fe69ca1790f_TNXa,2026-09-27 17:27:56,TKhPRVRVp1eWrFMWfyxyDVyGAJs2pw11Er,TNXasaWq49v71J5L2vJd14x58F3k9f4q1a,150.34
97b251be0b95727373144c54cbcd7f7bad215b2de859e199caf9a6610c435980_TNXa,2026-09-27 17:27:56,TK4ykR48cQQoyFcZ5N4xZCbsBaHcg6n3gJ,TNXasaWq49v71J5L2vJd14x58F3k9f4q1a,29.89
29742214d23f5ff5136944be54e9a28572ae01d46ae9a5d61471b16fbf8a7aec_TNXa,2026-09-27 17:27:56,TNXoiAJ3dct8Fjg4M9fkLFh9S2v9TXc32G,TNXasaWq49v71J5L2vJd14x58F3k9f4q1a,9278.86
f22122f7fbb3c72c9c43b7c55a4d8680ebdbe964c0d5ba72945610c10ea520b4_TNXa,2026-09-27 17:27:56,TFUMDeSryuisPUAEBKjp66tUDK6w2L5n4R,TNXasaWq49v71J5L2vJd14x58F3k9f4q1a,323.0
ba78201b968caa8f1c036a4b2b1153ba08b52d16732a325b9d86b167336dd2ef_TNXa,2026-09-27 17:27:56,TD3kDFPj7qWWcqCMAzufxAheRPoE5WXXUV,TNXasaWq49v71J5L2vJd14x58F3k9f4q1a,90.0
7b5379762d08c566769759b8aa9a40eceaa44762987d6a173eb96aa720340ae8_TNXa,2026-09-27 17:27:56,TDqSquXBgUCLYvYC4XZgrprLK589dkhSCf,TNXasaWq49v71J5L2vJd14x58F3k9f4q1a,2998.5
fade2df305ab6b0bb5323f7df67ea64f9c1ee73b4a692973175315ea557d5426_TNXa,2026-09-27 17:27:56,TCLgK89AnXbC9rewvhNb9UgXCc2qJJpBXh,TNXasaWq49v71J5L2vJd14x58F3k9f4q1a,307.87
b839b94ed17a08f88cfcc57fed8885a0ce853f8b52271ba187d1b37c3b4fd6a5_TNXa,2026-09-27 17:27:56,TSBHPFbPUUntP8d3mZ4KzdCNJnFJDsDGCq,TNXasaWq49v71J5L2vJd14x58F3k9f4q1a,257.1765
de1702d5e7676e835146e80326eb1dc2df237cbea82f826793871c78b68174a4_TNXa,2026-09-27 17:27:56,TSKnr7FxDdrrjjcak9BeAnFhH5YRZUpvAX,TNXasaWq49v71J5L2vJd14x58F3k9f4q1a,10.1
bbb33ef8f461c393b5e1c1d8f4b1f8a5ee8654e37b645ba811d8b42e364b9e6f_TNXa,2026-09-27 17:27:56,TV5SYR9j9ks8rupxS97AUacZaUjY83MFVC,TNXasaWq49v71J5L2vJd14x58F3k9f4q1a,898.5
192601b094f56b385d0a75fa3972e90bd9da743dc14d753a21b7ac9fefa560e9_TNXa,2026-09-27 17:27:56,TJqwA7SoZnERE4zW5uDEiPkbz4B66h9TFj,TNXasaWq49v71J5L2vJd14x58F3k9f4q1a,243.0
7ad7dbba3cbe8b19f0e8bc2bd4472a25a30334c06f5969af34069ed8db5aceb2_TNXa,2026-09-27 17:27:56,TYASr5UV6HEcXatwdFQfmLVUqQQQMUxHLS,TNXasaWq49v71J5L2vJd14x58F3k9f4q1a,88.5
3aa8dc62d6a2b9d7461f120a873111986441f914daa6a3719583ef16c122805d_TNXa,2026-09-27 17:27:56,TUEUFejjx7PXAiWaomXKiCpuzwo1iWbmQH,TNXasaWq49v71J5L2vJd14x58F3k9f4q1a,29.1
e74ba2a52285d3149dfe1d38c318639ca09508ff9343701fc64134aaded0ad1b_TNXa,2026-09-27 17:27:56,TDyMyW3CMASWd1R61NWX8rEj2PX6DpLBaK,TNXasaWq49v71J5L2vJd14x58F3k9f4q1a,2000.0
bb6cae4ce31d0518cbfe35b9e10f678a3d50001fd32980be7e362b5754c4c54b_TNXa,2026-09-27 17:27:56,TMsM5RTjn1uwNa2EdaC3QuEcXH25GQs4VJ,TNXasaWq49v71J5L2vJd14x58F3k9f4q1a,75.187
a076256798ba3cc982ff57d885688f613154689a7719849b93c4735a56136284_TNXa,2026-09-27 17:27:56,TAzsQ9Gx8eqFNFSKbeXrbi45CuVPHzA8wr,TNXasaWq49v71J5L2vJd14x58F3k9f4q1a,3298.5
6d62adfa1695a262add0df4e3a4e5f0948110c49a920483e9a9b159a91d59a9c_TNXa,2026-09-27 17:27:56,TCJeMQPAekdT5LH9SXf1ahF1hvfewu1HC4,TNXasaWq49v71J5L2vJd14x58F3k9f4q1a,736.0
cd659f4eeffeb87c0b033bd62eb1c30ebc8d85708a7f4e2f7500a0134d69225b_TNXa,2026-09-27 17:27:56,TJDENsfBJs4RFETt1X1W8wMDc8M5XnJhCe,TNXasaWq49v71J5L2vJd14x58F3k9f4q1a,566.3
47fa31130527f1ade229c162899bbe4d1c85b2845f58dd26c6faa256b49694ac_TNXa,2026-09-27 17:27:56,TGGzbCtFtfnJNQN5J7ubAEJDrEC6jVzhcR,TNXasaWq49v71J5L2vJd14x58F3k9f4q1a,97.0
cc24de96533e268b01bf9803273c3bc47ec0c8eb70ee882f983cefa54b3da783_TNXa,2026-09-27 17:27:56,TBSS2jsGmWmVcwwpCUHV9k7TG2Fvo2oaGo,TNXasaWq49v71J5L2vJd14x58F3k9f4q1a,71.0
98c9d2b27ac7af8c803c46a3f58bde5119ccd1065461102cdb2dbafa9a16e8ac_TLyB,2026-09-27 17:27:57,TTSH1ovMj8MVKChcRmoKXCLVA76F13tmSR,TLyBzZcKTLJt3qQy1m2b3c4d5e6f7g8h9i,700.0
9f7d5ff5cba741eaeb508e7a6fc2ea1509bcb9ee0c64554dc17514b8b5b57ba1_TLyB,2026-09-27 17:27:57,TCEEJKaAT4mF3AsjqwUUHmHvosq67x3FTz,TLyBzZcKTLJt3qQy1m2b3c4d5e6f7g8h9i,43.581
eecb3be60d34a13db4a211b380cab7e004b7de4b6743012a7da9fe9991587569_TLyB,2026-09-27 17:27:57,TJ26BTkidA99fBY5BGcgqQQKJFrWAmd9Ku,TLyBzZcKTLJt3qQy1m2b3c4d5e6f7g8h9i,96.89
5b03e122bb207077b9060d5527488f6788d6c1e8e9e9cf1d2d56c34684fa6acb_TLyB,2026-09-27 17:27:57,TX2vyiCqyR3qUkSXtVgHxp6yF3ZGuexbaK,TLyBzZcKTLJt3qQy1m2b3c4d5e6f7g8h9i,3464.0
464a5cfa26ccc8b1cdde2b91f55d7123b671c362939b3ca56350dd05ffa0fb7a_TLyB,2026-09-27 17:27:57,TDk1Wm8cXXEbkgwCVDsvGvVMVUFL8gXpsk,TLyBzZcKTLJt3qQy1m2b3c4d5e6f7g8h9i,148.5
3af9145c286d8d79d35cd01d08412f179547acb4dcf30124bb008fe69ca1790f_TLyB,2026-09-27 17:27:57,TKhPRVRVp1eWrFMWfyxyDVyGAJs2pw11Er,TLyBzZcKTLJt3qQy1m2b3c4d5e6f7g8h9i,150.34
97b251be0b95727373144c54cbcd7f7bad215b2de859e199caf9a6610c435980_TLyB,2026-09-27 17:27:57,TK4ykR48cQQoyFcZ5N4xZCbsBaHcg6n3gJ,TLyBzZcKTLJt3qQy1m2b3c4d5e6f7g8h9i,29.89
29742214d23f5ff5136944be54e9a28572ae01d46ae9a5d61471b16fbf8a7aec_TLyB,2026-09-27 17:27:57,TNXoiAJ3dct8Fjg4M9fkLFh9S2v9TXc32G,TLyBzZcKTLJt3qQy1m2b3c4d5e6f7g8h9i,9278.86
f22122f7fbb3c72c9c43b7c55a4d8680ebdbe964c0d5ba72945610c10ea520b4_TLyB,2026-09-27 17:27:57,TFUMDeSryuisPUAEBKjp66tUDK6w2L5n4R,TLyBzZcKTLJt3qQy1m2b3c4d5e6f7g8h9i,323.0
ba78201b968caa8f1c036a4b2b1153ba08b52d16732a325b9d86b167336dd2ef_TLyB,2026-09-27 17:27:57,TD3kDFPj7qWWcqCMAzufxAheRPoE5WXXUV,TLyBzZcKTLJt3qQy1m2b3c4d5e6f7g8h9i,90.0
7b5379762d08c566769759b8aa9a40eceaa44762987d6a173eb96aa720340ae8_TLyB,2026-09-27 17:27:57,TDqSquXBgUCLYvYC4XZgrprLK589dkhSCf,TLyBzZcKTLJt3qQy1m2b3c4d5e6f7g8h9i,2998.5
fade2df305ab6b0bb5323f7df67ea64f9c1ee73b4a692973175315ea557d5426_TLyB,2026-09-27 17:27:57,TCLgK89AnXbC9rewvhNb9UgXCc2qJJpBXh,TLyBzZcKTLJt3qQy1m2b3c4d5e6f7g8h9i,307.87
b839b94ed17a08f88cfcc57fed8885a0ce853f8b52271ba187d1b37c3b4fd6a5_TLyB,2026-09-27 17:27:57,TSBHPFbPUUntP8d3mZ4KzdCNJnFJDsDGCq,TLyBzZcKTLJt3qQy1m2b3c4d5e6f7g8h9i,257.1765
de1702d5e7676e835146e80326eb1dc2df237cbea82f826793871c78b68174a4_TLyB,2026-09-27 17:27:57,TSKnr7FxDdrrjjcak9BeAnFhH5YRZUpvAX,TLyBzZcKTLJt3qQy1m2b3c4d5e6f7g8h9i,10.1
bbb33ef8f461c393b5e1c1d8f4b1f8a5ee8654e37b645ba811d8b42e364b9e6f_TLyB,2026-09-27 17:27:57,TV5SYR9j9ks8rupxS97AUacZaUjY83MFVC,TLyBzZcKTLJt3qQy1m2b3c4d5e6f7g8h9i,898.5
192601b094f56b385d0a75fa3972e90bd9da743dc14d753a21b7ac9fefa560e9_TLyB,2026-09-27 17:27:57,TJqwA7SoZnERE4zW5uDEiPkbz4B66h9TFj,TLyBzZcKTLJt3qQy1m2b3c4d5e6f7g8h9i,243.0
7ad7dbba3cbe8b19f0e8bc2bd4472a25a30334c06f5969af34069ed8db5aceb2_TLyB,2026-09-27 17:27:57,TYASr5UV6HEcXatwdFQfmLVUqQQQMUxHLS,TLyBzZcKTLJt3qQy1m2b3c4d5e6f7g8h9i,88.5
3aa8dc62d6a2b9d7461f120a873111986441f914daa6a3719583ef16c122805d_TLyB,2026-09-27 17:27:57,TUEUFejjx7PXAiWaomXKiCpuzwo1iWbmQH,TLyBzZcKTLJt3qQy1m2b3c4d5e6f7g8h9i,29.1
e74ba2a52285d3149dfe1d38c318639ca09508ff9343701fc64134aaded0ad1b_TLyB,2026-09-27 17:27:57,TDyMyW3CMASWd1R61NWX8rEj2PX6DpLBaK,TLyBzZcKTLJt3qQy1m2b3c4d5e6f7g8h9i,2000.0
bb6cae4ce31d0518cbfe35b9e10f678a3d50001fd32980be7e362b5754c4c54b_TLyB,2026-09-27 17:27:57,TMsM5RTjn1uwNa2EdaC3QuEcXH25GQs4VJ,TLyBzZcKTLJt3qQy1m2b3c4d5e6f7g8h9i,75.187
a076256798ba3cc982ff57d885688f613154689a7719849b93c4735a56136284_TLyB,2026-09-27 17:27:57,TAzsQ9Gx8eqFNFSKbeXrbi45CuVPHzA8wr,TLyBzZcKTLJt3qQy1m2b3c4d5e6f7g8h9i,3298.5
6d62adfa1695a262add0df4e3a4e5f0948110c49a920483e9a9b159a91d59a9c_TLyB,2026-09-27 17:27:57,TCJeMQPAekdT5LH9SXf1ahF1hvfewu1HC4,TLyBzZcKTLJt3qQy1m2b3c4d5e6f7g8h9i,736.0
cd659f4eeffeb87c0b033bd62eb1c30ebc8d85708a7f4e2f7500a0134d69225b_TLyB,2026-09-27 17:27:57,TJDENsfBJs4RFETt1X1W8wMDc8M5XnJhCe,TLyBzZcKTLJt3qQy1m2b3c4d5e6f7g8h9i,566.3
47fa31130527f1ade229c162899bbe4d1c85b2845f58dd26c6faa256b49694ac_TLyB,2026-09-27 17:27:57,TGGzbCtFtfnJNQN5J7ubAEJDrEC6jVzhcR,TLyBzZcKTLJt3qQy1m2b3c4d5e6f7g8h9i,97.0
cc24de96533e268b01bf9803273c3bc47ec0c8eb70ee882f983cefa54b3da783_TLyB,2026-09-27 17:27:57,TBSS2jsGmWmVcwwpCUHV9k7TG2Fvo2oaGo,TLyBzZcKTLJt3qQy1m2b3c4d5e6f7g8h9i,71.0
98c9d2b27ac7af8c803c46a3f58bde5119ccd1065461102cdb2dbafa9a16e8ac_TA1b,2026-09-27 17:27:57,TTSH1ovMj8MVKChcRmoKXCLVA76F13tmSR,TA1b2c3d4e5f6g7h8i9j0k1l2m3n4o5p6q,700.0
9f7d5ff5cba741eaeb508e7a6fc2ea1509bcb9ee0c64554dc17514b8b5b57ba1_TA1b,2026-09-27 17:27:57,TCEEJKaAT4mF3AsjqwUUHmHvosq67x3FTz,TA1b2c3d4e5f6g7h8i9j0k1l2m3n4o5p6q,43.581
eecb3be60d34a13db4a211b380cab7e004b7de4b6743012a7da9fe9991587569_TA1b,2026-09-27 17:27:57,TJ26BTkidA99fBY5BGcgqQQKJFrWAmd9Ku,TA1b2c3d4e5f6g7h8i9j0k1l2m3n4o5p6q,96.89
5b03e122bb207077b9060d5527488f6788d6c1e8e9e9cf1d2d56c34684fa6acb_TA1b,2026-09-27 17:27:57,TX2vyiCqyR3qUkSXtVgHxp6yF3ZGuexbaK,TA1b2c3d4e5f6g7h8i9j0k1l2m3n4o5p6q,3464.0
464a5cfa26ccc8b1cdde2b91f55d7123b671c362939b3ca56350dd05ffa0fb7a_TA1b,2026-09-27 17:27:57,TDk1Wm8cXXEbkgwCVDsvGvVMVUFL8gXpsk,TA1b2c3d4e5f6g7h8i9j0k1l2m3n4o5p6q,148.5
3af9145c286d8d79d35cd01d08412f179547acb4dcf30124bb008fe69ca1790f_TA1b,2026-09-27 17:27:57,TKhPRVRVp1eWrFMWfyxyDVyGAJs2pw11Er,TA1b2c3d4e5f6g7h8i9j0k1l2m3n4o5p6q,150.34
97b251be0b95727373144c54cbcd7f7bad215b2de859e199caf9a6610c435980_TA1b,2026-09-27 17:27:57,TK4ykR48cQQoyFcZ5N4xZCbsBaHcg6n3gJ,TA1b2c3d4e5f6g7h8i9j0k1l2m3n4o5p6q,29.89
29742214d23f5ff5136944be54e9a28572ae01d46ae9a5d61471b16fbf8a7aec_TA1b,2026-09-27 17:27:57,TNXoiAJ3dct8Fjg4M9fkLFh9S2v9TXc32G,TA1b2c3d4e5f6g7h8i9j0k1l2m3n4o5p6q,9278.86
f22122f7fbb3c72c9c43b7c55a4d8680ebdbe964c0d5ba72945610c10ea520b4_TA1b,2026-09-27 17:27:57,TFUMDeSryuisPUAEBKjp66tUDK6w2L5n4R,TA1b2c3d4e5f6g7h8i9j0k1l2m3n4o5p6q,323.0
ba78201b968caa8f1c036a4b2b1153ba08b52d16732a325b9d86b167336dd2ef_TA1b,2026-09-27 17:27:57,TD3kDFPj7qWWcqCMAzufxAheRPoE5WXXUV,TA1b2c3d4e5f6g7h8i9j0k1l2m3n4o5p6q,90.0
7b5379762d08c566769759b8aa9a40eceaa44762987d6a173eb96aa720340ae8_TA1b,2026-09-27 17:27:57,TDqSquXBgUCLYvYC4XZgrprLK589dkhSCf,TA1b2c3d4e5f6g7h8i9j0k1l2m3n4o5p6q,2998.5
fade2df305ab6b0bb5323f7df67ea64f9c1ee73b4a692973175315ea557d5426_TA1b,2026-09-27 17:27:57,TCLgK89AnXbC9rewvhNb9UgXCc2qJJpBXh,TA1b2c3d4e5f6g7h8i9j0k1l2m3n4o5p6q,307.87
b839b94ed17a08f88cfcc57fed8885a0ce853f8b52271ba187d1b37c3b4fd6a5_TA1b,2026-09-27 17:27:57,TSBHPFbPUUntP8d3mZ4KzdCNJnFJDsDGCq,TA1b2c3d4e5f6g7h8i9j0k1l2m3n4o5p6q,257.1765
de1702d5e7676e835146e80326eb1dc2df237cbea82f826793871c78b68174a4_TA1b,2026-09-27 17:27:57,TSKnr7FxDdrrjjcak9BeAnFhH5YRZUpvAX,TA1b2c3d4e5f6g7h8i9j0k1l2m3n4o5p6q,10.1
bbb33ef8f461c393b5e1c1d8f4b1f8a5ee8654e37b645ba811d8b42e364b9e6f_TA1b,2026-09-27 17:27:57,TV5SYR9j9ks8rupxS97AUacZaUjY83MFVC,TA1b2c3d4e5f6g7h8i9j0k1l2m3n4o5p6q,898.5
192601b094f56b385d0a75fa3972e90bd9da743dc14d753a21b7ac9fefa560e9_TA1b,2026-09-27 17:27:57,TJqwA7SoZnERE4zW5uDEiPkbz4B66h9TFj,TA1b2c3d4e5f6g7h8i9j0k1l2m3n4o5p6q,243.0
7ad7dbba3cbe8b19f0e8bc2bd4472a25a30334c06f5969af34069ed8db5aceb2_TA1b,2026-09-27 17:27:57,TYASr5UV6HEcXatwdFQfmLVUqQQQMUxHLS,TA1b2c3d4e5f6g7h8i9j0k1l2m3n4o5p6q,88.5
3aa8dc62d6a2b9d7461f120a873111986441f914daa6a3719583ef16c122805d_TA1b,2026-09-27 17:27:57,TUEUFejjx7PXAiWaomXKiCpuzwo1iWbmQH,TA1b2c3d4e5f6g7h8i9j0k1l2m3n4o5p6q,29.1
e74ba2a52285d3149dfe1d38c318639ca09508ff9343701fc64134aaded0ad1b_TA1b,2026-09-27 17:27:57,TDyMyW3CMASWd1R61NWX8rEj2PX6DpLBaK,TA1b2c3d4e5f6g7h8i9j0k1l2m3n4o5p6q,2000.0
bb6cae4ce31d0518cbfe35b9e10f678a3d50001fd32980be7e362b5754c4c54b_TA1b,2026-09-27 17:27:57,TMsM5RTjn1uwNa2EdaC3QuEcXH25GQs4VJ,TA1b2c3d4e5f6g7h8i9j0k1l2m3n4o5p6q,75.187
a076256798ba3cc982ff57d885688f613154689a7719849b93c4735a56136284_TA1b,2026-09-27 17:27:57,TAzsQ9Gx8eqFNFSKbeXrbi45CuVPHzA8wr,TA1b2c3d4e5f6g7h8i9j0k1l2m3n4o5p6q,3298.5
6d62adfa1695a262add0df4e3a4e5f0948110c49a920483e9a9b159a91d59a9c_TA1b,2026-09-27 17:27:57,TCJeMQPAekdT5LH9SXf1ahF1hvfewu1HC4,TA1b2c3d4e5f6g7h8i9j0k1l2m3n4o5p6q,736.0
cd659f4eeffeb87c0b033bd62eb1c30ebc8d85708a7f4e2f7500a0134d69225b_TA1b,2026-09-27 17:27:57,TJDENsfBJs4RFETt1X1W8wMDc8M5XnJhCe,TA1b2c3d4e5f6g7h8i9j0k1l2m3n4o5p6q,566.3
47fa31130527f1ade229c162899bbe4d1c85b2845f58dd26c6faa256b49694ac_TA1b,2026-09-27 17:27:57,TGGzbCtFtfnJNQN5J7ubAEJDrEC6jVzhcR,TA1b2c3d4e5f6g7h8i9j0k1l2m3n4o5p6q,97.0
cc24de96533e268b01bf9803273c3bc47ec0c8eb70ee882f983cefa54b3da783_TA1b,2026-09-27 17:27:57,TBSS2jsGmWmVcwwpCUHV9k7TG2Fvo2oaGo,TA1b2c3d4e5f6g7h8i9j0k1l2m3n4o5p6q,71.0
98c9d2b27ac7af8c803c46a3f58bde5119ccd1065461102cdb2dbafa9a16e8ac_TBN1,2026-09-27 17:27:57,TTSH1ovMj8MVKChcRmoKXCLVA76F13tmSR,TBN1m2n3o4p5q6r7s8t9u0v1w2x3y4z5a6,700.0
9f7d5ff5cba741eaeb508e7a6fc2ea1509bcb9ee0c64554dc17514b8b5b57ba1_TBN1,2026-09-27 17:27:57,TCEEJKaAT4mF3AsjqwUUHmHvosq67x3FTz,TBN1m2n3o4p5q6r7s8t9u0v1w2x3y4z5a6,43.581
eecb3be60d34a13db4a211b380cab7e004b7de4b6743012a7da9fe9991587569_TBN1,2026-09-27 17:27:57,TJ26BTkidA99fBY5BGcgqQQKJFrWAmd9Ku,TBN1m2n3o4p5q6r7s8t9u0v1w2x3y4z5a6,96.89
5b03e122bb207077b9060d5527488f6788d6c1e8e9e9cf1d2d56c34684fa6acb_TBN1,2026-09-27 17:27:57,TX2vyiCqyR3qUkSXtVgHxp6yF3ZGuexbaK,TBN1m2n3o4p5q6r7s8t9u0v1w2x3y4z5a6,3464.0
464a5cfa26ccc8b1cdde2b91f55d7123b671c362939b3ca56350dd05ffa0fb7a_TBN1,2026-09-27 17:27:57,TDk1Wm8cXXEbkgwCVDsvGvVMVUFL8gXpsk,TBN1m2n3o4p5q6r7s8t9u0v1w2x3y4z5a6,148.5
3af9145c286d8d79d35cd01d08412f179547acb4dcf30124bb008fe69ca1790f_TBN1,2026-09-27 17:27:57,TKhPRVRVp1eWrFMWfyxyDVyGAJs2pw11Er,TBN1m2n3o4p5q6r7s8t9u0v1w2x3y4z5a6,150.34
97b251be0b95727373144c54cbcd7f7bad215b2de859e199caf9a6610c435980_TBN1,2026-09-27 17:27:57,TK4ykR48cQQoyFcZ5N4xZCbsBaHcg6n3gJ,TBN1m2n3o4p5q6r7s8t9u0v1w2x3y4z5a6,29.89
29742214d23f5ff5136944be54e9a28572ae01d46ae9a5d61471b16fbf8a7aec_TBN1,2026-09-27 17:27:57,TNXoiAJ3dct8Fjg4M9fkLFh9S2v9TXc32G,TBN1m2n3o4p5q6r7s8t9u0v1w2x3y4z5a6,9278.86
f22122f7fbb3c72c9c43b7c55a4d8680ebdbe964c0d5ba72945610c10ea520b4_TBN1,2026-09-27 17:27:57,TFUMDeSryuisPUAEBKjp66tUDK6w2L5n4R,TBN1m2n3o4p5q6r7s8t9u0v1w2x3y4z5a6,323.0
ba78201b968caa8f1c036a4b2b1153ba08b52d16732a325b9d86b167336dd2ef_TBN1,2026-09-27 17:27:57,TD3kDFPj7qWWcqCMAzufxAheRPoE5WXXUV,TBN1m2n3o4p5q6r7s8t9u0v1w2x3y4z5a6,90.0
7b5379762d08c566769759b8aa9a40eceaa44762987d6a173eb96aa720340ae8_TBN1,2026-09-27 17:27:57,TDqSquXBgUCLYvYC4XZgrprLK589dkhSCf,TBN1m2n3o4p5q6r7s8t9u0v1w2x3y4z5a6,2998.5
fade2df305ab6b0bb5323f7df67ea64f9c1ee73b4a692973175315ea557d5426_TBN1,2026-09-27 17:27:57,TCLgK89AnXbC9rewvhNb9UgXCc2qJJpBXh,TBN1m2n3o4p5q6r7s8t9u0v1w2x3y4z5a6,307.87
b839b94ed17a08f88cfcc57fed8885a0ce853f8b52271ba187d1b37c3b4fd6a5_TBN1,2026-09-27 17:27:57,TSBHPFbPUUntP8d3mZ4KzdCNJnFJDsDGCq,TBN1m2n3o4p5q6r7s8t9u0v1w2x3y4z5a6,257.1765
de1702d5e7676e835146e80326eb1dc2df237cbea82f826793871c78b68174a4_TBN1,2026-09-27 17:27:57,TSKnr7FxDdrrjjcak9BeAnFhH5YRZUpvAX,TBN1m2n3o4p5q6r7s8t9u0v1w2x3y4z5a6,10.1
bbb33ef8f461c393b5e1c1d8f4b1f8a5ee8654e37b645ba811d8b42e364b9e6f_TBN1,2026-09-27 17:27:57,TV5SYR9j9ks8rupxS97AUacZaUjY83MFVC,TBN1m2n3o4p5q6r7s8t9u0v1w2x3y4z5a6,898.5
192601b094f56b385d0a75fa3972e90bd9da743dc14d753a21b7ac9fefa560e9_TBN1,2026-09-27 17:27:57,TJqwA7SoZnERE4zW5uDEiPkbz4B66h9TFj,TBN1m2n3o4p5q6r7s8t9u0v1w2x3y4z5a6,243.0
7ad7dbba3cbe8b19f0e8bc2bd4472a25a30334c06f5969af34069ed8db5aceb2_TBN1,2026-09-27 17:27:57,TYASr5UV6HEcXatwdFQfmLVUqQQQMUxHLS,TBN1m2n3o4p5q6r7s8t9u0v1w2x3y4z5a6,88.5
3aa8dc62d6a2b9d7461f120a873111986441f914daa6a3719583ef16c122805d_TBN1,2026-09-27 17:27:57,TUEUFejjx7PXAiWaomXKiCpuzwo1iWbmQH,TBN1m2n3o4p5q6r7s8t9u0v1w2x3y4z5a6,29.1
e74ba2a52285d3149dfe1d38c318639ca09508ff9343701fc64134aaded0ad1b_TBN1,2026-09-27 17:27:57,TDyMyW3CMASWd1R61NWX8rEj2PX6DpLBaK,TBN1m2n3o4p5q6r7s8t9u0v1w2x3y4z5a6,2000.0
bb6cae4ce31d0518cbfe35b9e10f678a3d50001fd32980be7e362b5754c4c54b_TBN1,2026-09-27 17:27:57,TMsM5RTjn1uwNa2EdaC3QuEcXH25GQs4VJ,TBN1m2n3o4p5q6r7s8t9u0v1w2x3y4z5a6,75.187
a076256798ba3cc982ff57d885688f613154689a7719849b93c4735a56136284_TBN1,2026-09-27 17:27:57,TAzsQ9Gx8eqFNFSKbeXrbi45CuVPHzA8wr,TBN1m2n3o4p5q6r7s8t9u0v1w2x3y4z5a6,3298.5
6d62adfa1695a262add0df4e3a4e5f0948110c49a920483e9a9b159a91d59a9c_TBN1,2026-09-27 17:27:57,TCJeMQPAekdT5LH9SXf1ahF1hvfewu1HC4,TBN1m2n3o4p5q6r7s8t9u0v1w2x3y4z5a6,736.0
cd659f4eeffeb87c0b033bd62eb1c30ebc8d85708a7f4e2f7500a0134d69225b_TBN1,2026-09-27 17:27:57,TJDENsfBJs4RFETt1X1W8wMDc8M5XnJhCe,TBN1m2n3o4p5q6r7s8t9u0v1w2x3y4z5a6,566.3
47fa31130527f1ade229c162899bbe4d1c85b2845f58dd26c6faa256b49694ac_TBN1,2026-09-27 17:27:57,TGGzbCtFtfnJNQN5J7ubAEJDrEC6jVzhcR,TBN1m2n3o4p5q6r7s8t9u0v1w2x3y4z5a6,97.0
cc24de96533e268b01bf9803273c3bc47ec0c8eb70ee882f983cefa54b3da783_TBN1,2026-09-27 17:27:57,TBSS2jsGmWmVcwwpCUHV9k7TG2Fvo2oaGo,TBN1m2n3o4p5q6r7s8t9u0v1w2x3y4z5a6,71.0
98c9d2b27ac7af8c803c46a3f58bde5119ccd1065461102cdb2dbafa9a16e8ac_TCZ9,2026-09-27 17:27:58,TTSH1ovMj8MVKChcRmoKXCLVA76F13tmSR,TCZ9y8x7w6v5u4t3s2r1q0p9o8n7m6l5k4,700.0
9f7d5ff5cba741eaeb508e7a6fc2ea1509bcb9ee0c64554dc17514b8b5b57ba1_TCZ9,2026-09-27 17:27:58,TCEEJKaAT4mF3AsjqwUUHmHvosq67x3FTz,TCZ9y8x7w6v5u4t3s2r1q0p9o8n7m6l5k4,43.581
eecb3be60d34a13db4a211b380cab7e004b7de4b6743012a7da9fe9991587569_TCZ9,2026-09-27 17:27:58,TJ26BTkidA99fBY5BGcgqQQKJFrWAmd9Ku,TCZ9y8x7w6v5u4t3s2r1q0p9o8n7m6l5k4,96.89
5b03e122bb207077b9060d5527488f6788d6c1e8e9e9cf1d2d56c34684fa6acb_TCZ9,2026-09-27 17:27:58,TX2vyiCqyR3qUkSXtVgHxp6yF3ZGuexbaK,TCZ9y8x7w6v5u4t3s2r1q0p9o8n7m6l5k4,3464.0
464a5cfa26ccc8b1cdde2b91f55d7123b671c362939b3ca56350dd05ffa0fb7a_TCZ9,2026-09-27 17:27:58,TDk1Wm8cXXEbkgwCVDsvGvVMVUFL8gXpsk,TCZ9y8x7w6v5u4t3s2r1q0p9o8n7m6l5k4,148.5
3af9145c286d8d79d35cd01d08412f179547acb4dcf30124bb008fe69ca1790f_TCZ9,2026-09-27 17:27:58,TKhPRVRVp1eWrFMWfyxyDVyGAJs2pw11Er,TCZ9y8x7w6v5u4t3s2r1q0p9o8n7m6l5k4,150.34
97b251be0b95727373144c54cbcd7f7bad215b2de859e199caf9a6610c435980_TCZ9,2026-09-27 17:27:58,TK4ykR48cQQoyFcZ5N4xZCbsBaHcg6n3gJ,TCZ9y8x7w6v5u4t3s2r1q0p9o8n7m6l5k4,29.89
29742214d23f5ff5136944be54e9a28572ae01d46ae9a5d61471b16fbf8a7aec_TCZ9,2026-09-27 17:27:58,TNXoiAJ3dct8Fjg4M9fkLFh9S2v9TXc32G,TCZ9y8x7w6v5u4t3s2r1q0p9o8n7m6l5k4,9278.86
f22122f7fbb3c72c9c43b7c55a4d8680ebdbe964c0d5ba72945610c10ea520b4_TCZ9,2026-09-27 17:27:58,TFUMDeSryuisPUAEBKjp66tUDK6w2L5n4R,TCZ9y8x7w6v5u4t3s2r1q0p9o8n7m6l5k4,323.0
ba78201b968caa8f1c036a4b2b1153ba08b52d16732a325b9d86b167336dd2ef_TCZ9,2026-09-27 17:27:58,TD3kDFPj7qWWcqCMAzufxAheRPoE5WXXUV,TCZ9y8x7w6v5u4t3s2r1q0p9o8n7m6l5k4,90.0
7b5379762d08c566769759b8aa9a40eceaa44762987d6a173eb96aa720340ae8_TCZ9,2026-09-27 17:27:58,TDqSquXBgUCLYvYC4XZgrprLK589dkhSCf,TCZ9y8x7w6v5u4t3s2r1q0p9o8n7m6l5k4,2998.5
fade2df305ab6b0bb5323f7df67ea64f9c1ee73b4a692973175315ea557d5426_TCZ9,2026-09-27 17:27:58,TCLgK89AnXbC9rewvhNb9UgXCc2qJJpBXh,TCZ9y8x7w6v5u4t3s2r1q0p9o8n7m6l5k4,307.87
b839b94ed17a08f88cfcc57fed8885a0ce853f8b52271ba187d1b37c3b4fd6a5_TCZ9,2026-09-27 17:27:58,TSBHPFbPUUntP8d3mZ4KzdCNJnFJDsDGCq,TCZ9y8x7w6v5u4t3s2r1q0p9o8n7m6l5k4,257.1765
de1702d5e7676e835146e80326eb1dc2df237cbea82f826793871c78b68174a4_TCZ9,2026-09-27 17:27:58,TSKnr7FxDdrrjjcak9BeAnFhH5YRZUpvAX,TCZ9y8x7w6v5u4t3s2r1q0p9o8n7m6l5k4,10.1
bbb33ef8f461c393b5e1c1d8f4b1f8a5ee8654e37b645ba811d8b42e364b9e6f_TCZ9,2026-09-27 17:27:58,TV5SYR9j9ks8rupxS97AUacZaUjY83MFVC,TCZ9y8x7w6v5u4t3s2r1q0p9o8n7m6l5k4,898.5
192601b094f56b385d0a75fa3972e90bd9da743dc14d753a21b7ac9fefa560e9_TCZ9,2026-09-27 17:27:58,TJqwA7SoZnERE4zW5uDEiPkbz4B66h9TFj,TCZ9y8x7w6v5u4t3s2r1q0p9o8n7m6l5k4,243.0
7ad7dbba3cbe8b19f0e8bc2bd4472a25a30334c06f5969af34069ed8db5aceb2_TCZ9,2026-09-27 17:27:58,TYASr5UV6HEcXatwdFQfmLVUqQQQMUxHLS,TCZ9y8x7w6v5u4t3s2r1q0p9o8n7m6l5k4,88.5
3aa8dc62d6a2b9d7461f120a873111986441f914daa6a3719583ef16c122805d_TCZ9,2026-09-27 17:27:58,TUEUFejjx7PXAiWaomXKiCpuzwo1iWbmQH,TCZ9y8x7w6v5u4t3s2r1q0p9o8n7m6l5k4,29.1
e74ba2a52285d3149dfe1d38c318639ca09508ff9343701fc64134aaded0ad1b_TCZ9,2026-09-27 17:27:58,TDyMyW3CMASWd1R61NWX8rEj2PX6DpLBaK,TCZ9y8x7w6v5u4t3s2r1q0p9o8n7m6l5k4,2000.0
bb6cae4ce31d0518cbfe35b9e10f678a3d50001fd32980be7e362b5754c4c54b_TCZ9,2026-09-27 17:27:58,TMsM5RTjn1uwNa2EdaC3QuEcXH25GQs4VJ,TCZ9y8x7w6v5u4t3s2r1q0p9o8n7m6l5k4,75.187
a076256798ba3cc982ff57d885688f613154689a7719849b93c4735a56136284_TCZ9,2026-09-27 17:27:58,TAzsQ9Gx8eqFNFSKbeXrbi45CuVPHzA8wr,TCZ9y8x7w6v5u4t3s2r1q0p9o8n7m6l5k4,3298.5
6d62adfa1695a262add0df4e3a4e5f0948110c49a920483e9a9b159a91d59a9c_TCZ9,2026-09-27 17:27:58,TCJeMQPAekdT5LH9SXf1ahF1hvfewu1HC4,TCZ9y8x7w6v5u4t3s2r1q0p9o8n7m6l5k4,736.0
cd659f4eeffeb87c0b033bd62eb1c30ebc8d85708a7f4e2f7500a0134d69225b_TCZ9,2026-09-27 17:27:58,TJDENsfBJs4RFETt1X1W8wMDc8M5XnJhCe,TCZ9y8x7w6v5u4t3s2r1q0p9o8n7m6l5k4,566.3
47fa31130527f1ade229c162899bbe4d1c85b2845f58dd26c6faa256b49694ac_TCZ9,2026-09-27 17:27:58,TGGzbCtFtfnJNQN5J7ubAEJDrEC6jVzhcR,TCZ9y8x7w6v5u4t3s2r1q0p9o8n7m6l5k4,97.0
cc24de96533e268b01bf9803273c3bc47ec0c8eb70ee882f983cefa54b3da783_TCZ9,2026-09-27 17:27:58,TBSS2jsGmWmVcwwpCUHV9k7TG2Fvo2oaGo,TCZ9y8x7w6v5u4t3s2r1q0p9o8n7m6l5k4,71.0
98c9d2b27ac7af8c803c46a3f58bde5119ccd1065461102cdb2dbafa9a16e8ac_TDEx,2026-09-27 17:27:58,TTSH1ovMj8MVKChcRmoKXCLVA76F13tmSR,TDExchG1H2I3J4K5L6M7N8O9P0Q1R2S3T4,700.0
9f7d5ff5cba741eaeb508e7a6fc2ea1509bcb9ee0c64554dc17514b8b5b57ba1_TDEx,2026-09-27 17:27:58,TCEEJKaAT4mF3AsjqwUUHmHvosq67x3FTz,TDExchG1H2I3J4K5L6M7N8O9P0Q1R2S3T4,43.581
eecb3be60d34a13db4a211b380cab7e004b7de4b6743012a7da9fe9991587569_TDEx,2026-09-27 17:27:58,TJ26BTkidA99fBY5BGcgqQQKJFrWAmd9Ku,TDExchG1H2I3J4K5L6M7N8O9P0Q1R2S3T4,96.89
5b03e122bb207077b9060d5527488f6788d6c1e8e9e9cf1d2d56c34684fa6acb_TDEx,2026-09-27 17:27:58,TX2vyiCqyR3qUkSXtVgHxp6yF3ZGuexbaK,TDExchG1H2I3J4K5L6M7N8O9P0Q1R2S3T4,3464.0
464a5cfa26ccc8b1cdde2b91f55d7123b671c362939b3ca56350dd05ffa0fb7a_TDEx,2026-09-27 17:27:58,TDk1Wm8cXXEbkgwCVDsvGvVMVUFL8gXpsk,TDExchG1H2I3J4K5L6M7N8O9P0Q1R2S3T4,148.5
3af9145c286d8d79d35cd01d08412f179547acb4dcf30124bb008fe69ca1790f_TDEx,2026-09-27 17:27:58,TKhPRVRVp1eWrFMWfyxyDVyGAJs2pw11Er,TDExchG1H2I3J4K5L6M7N8O9P0Q1R2S3T4,150.34
97b251be0b95727373144c54cbcd7f7bad215b2de859e199caf9a6610c435980_TDEx,2026-09-27 17:27:58,TK4ykR48cQQoyFcZ5N4xZCbsBaHcg6n3gJ,TDExchG1H2I3J4K5L6M7N8O9P0Q1R2S3T4,29.89
29742214d23f5ff5136944be54e9a28572ae01d46ae9a5d61471b16fbf8a7aec_TDEx,2026-09-27 17:27:58,TNXoiAJ3dct8Fjg4M9fkLFh9S2v9TXc32G,TDExchG1H2I3J4K5L6M7N8O9P0Q1R2S3T4,9278.86
f22122f7fbb3c72c9c43b7c55a4d8680ebdbe964c0d5ba72945610c10ea520b4_TDEx,2026-09-27 17:27:58,TFUMDeSryuisPUAEBKjp66tUDK6w2L5n4R,TDExchG1H2I3J4K5L6M7N8O9P0Q1R2S3T4,323.0
ba78201b968caa8f1c036a4b2b1153ba08b52d16732a325b9d86b167336dd2ef_TDEx,2026-09-27 17:27:58,TD3kDFPj7qWWcqCMAzufxAheRPoE5WXXUV,TDExchG1H2I3J4K5L6M7N8O9P0Q1R2S3T4,90.0
7b5379762d08c566769759b8aa9a40eceaa44762987d6a173eb96aa720340ae8_TDEx,2026-09-27 17:27:58,TDqSquXBgUCLYvYC4XZgrprLK589dkhSCf,TDExchG1H2I3J4K5L6M7N8O9P0Q1R2S3T4,2998.5
fade2df305ab6b0bb5323f7df67ea64f9c1ee73b4a692973175315ea557d5426_TDEx,2026-09-27 17:27:58,TCLgK89AnXbC9rewvhNb9UgXCc2qJJpBXh,TDExchG1H2I3J4K5L6M7N8O9P0Q1R2S3T4,307.87
b839b94ed17a08f88cfcc57fed8885a0ce853f8b52271ba187d1b37c3b4fd6a5_TDEx,2026-09-27 17:27:58,TSBHPFbPUUntP8d3mZ4KzdCNJnFJDsDGCq,TDExchG1H2I3J4K5L6M7N8O9P0Q1R2S3T4,257.1765
de1702d5e7676e835146e80326eb1dc2df237cbea82f826793871c78b68174a4_TDEx,2026-09-27 17:27:58,TSKnr7FxDdrrjjcak9BeAnFhH5YRZUpvAX,TDExchG1H2I3J4K5L6M7N8O9P0Q1R2S3T4,10.1
bbb33ef8f461c393b5e1c1d8f4b1f8a5ee8654e37b645ba811d8b42e364b9e6f_TDEx,2026-09-27 17:27:58,TV5SYR9j9ks8rupxS97AUacZaUjY83MFVC,TDExchG1H2I3J4K5L6M7N8O9P0Q1R2S3T4,898.5
192601b094f56b385d0a75fa3972e90bd9da743dc14d753a21b7ac9fefa560e9_TDEx,2026-09-27 17:27:58,TJqwA7SoZnERE4zW5uDEiPkbz4B66h9TFj,TDExchG1H2I3J4K5L6M7N8O9P0Q1R2S3T4,243.0
7ad7dbba3cbe8b19f0e8bc2bd4472a25a30334c06f5969af34069ed8db5aceb2_TDEx,2026-09-27 17:27:58,TYASr5UV6HEcXatwdFQfmLVUqQQQMUxHLS,TDExchG1H2I3J4K5L6M7N8O9P0Q1R2S3T4,88.5
3aa8dc62d6a2b9d7461f120a873111986441f914daa6a3719583ef16c122805d_TDEx,2026-09-27 17:27:58,TUEUFejjx7PXAiWaomXKiCpuzwo1iWbmQH,TDExchG1H2I3J4K5L6M7N8O9P0Q1R2S3T4,29.1
e74ba2a52285d3149dfe1d38c318639ca09508ff9343701fc64134aaded0ad1b_TDEx,2026-09-27 17:27:58,TDyMyW3CMASWd1R61NWX8rEj2PX6DpLBaK,TDExchG1H2I3J4K5L6M7N8O9P0Q1R2S3T4,2000.0
bb6cae4ce31d0518cbfe35b9e10f678a3d50001fd32980be7e362b5754c4c54b_TDEx,2026-09-27 17:27:58,TMsM5RTjn1uwNa2EdaC3QuEcXH25GQs4VJ,TDExchG1H2I3J4K5L6M7N8O9P0Q1R2S3T4,75.187
a076256798ba3cc982ff57d885688f613154689a7719849b93c4735a56136284_TDEx,2026-09-27 17:27:58,TAzsQ9Gx8eqFNFSKbeXrbi45CuVPHzA8wr,TDExchG1H2I3J4K5L6M7N8O9P0Q1R2S3T4,3298.5
6d62adfa1695a262add0df4e3a4e5f0948110c49a920483e9a9b159a91d59a9c_TDEx,2026-09-27 17:27:58,TCJeMQPAekdT5LH9SXf1ahF1hvfewu1HC4,TDExchG1H2I3J4K5L6M7N8O9P0Q1R2S3T4,736.0
cd659f4eeffeb87c0b033bd62eb1c30ebc8d85708a7f4e2f7500a0134d69225b_TDEx,2026-09-27 17:27:58,TJDENsfBJs4RFETt1X1W8wMDc8M5XnJhCe,TDExchG1H2I3J4K5L6M7N8O9P0Q1R2S3T4,566.3
47fa31130527f1ade229c162899bbe4d1c85b2845f58dd26c6faa256b49694ac_TDEx,2026-09-27 17:27:58,TGGzbCtFtfnJNQN5J7ubAEJDrEC6jVzhcR,TDExchG1H2I3J4K5L6M7N8O9P0Q1R2S3T4,97.0
cc24de96533e268b01bf9803273c3bc47ec0c8eb70ee882f983cefa54b3da783_TDEx,2026-09-27 17:27:58,TBSS2jsGmWmVcwwpCUHV9k7TG2Fvo2oaGo,TDExchG1H2I3J4K5L6M7N8O9P0Q1R2S3T4,71.0
ee0c28a2e9840881292e89ed133f6d7dc429df780b500ef07c8009375c313d5e,2026-09-27 17:27:59,TGjZknuX2KFgqAsnmswS4KEFiHzrp7Xs6V,TGUZpxeGtx6sWBbeXxakaEui7iFb7RaM9z,125.8441
575a0a9c6a834658c2574b3efdf829227fd812a73344901d6379edf9c4f006e6,2026-09-27 17:27:59,TBNNa1KJWZrJYQGyTf7LmxQoRh6yTKfPAs,TGCRWhKcX5jVCahZT2sFGBEyBFFm572jRD,194.74
076b118de558f2bf40e256bd780cf4742e86ad8fa2c14744d174631e990d619e,2026-09-27 17:27:59,TAG8V6XqtypiEr6hNBESSc9XmUqpqzAk9w,TYS8imdUSTtJfrXrqMjFiGPm7zghJdJZYz,2.5
d65d010f459170e882edf1d63a993d22c03a94d9f482972ccc12a8e5cc37435c,2026-09-27 17:27:59,TPCVQVhpqjNhQtMtKsHoZMwZBTzJzeyCmU,TEpRVghEJV3kNy5UpiRhKxNQkSmVBN7sQZ,450.0
b5dbb71c93cd61802704c38596ebbe9e831f19c6771bd0a53e6e729174db52d7,2026-09-27 17:27:59,TMjvrDzpkDdUST7gKGhCd7BWnxmhuMTAkS,TXptwVFh7dNzSbnTjDcgbVvT3CTVha7a4N,5000.0
55ce5dfec4921aaabb02f77b6e1a9b91be182492d7d9832d8429a082987d8e7c,2026-09-27 17:27:59,TDehidx63XCaDd2BWUJuZdQjGgmLBmZ8wN,TS8T1KHKAe5MAAZdUk1jUKc8qMMQvBNEX4,5000.0
aad09e413416741c36caca462e79f020f62a60eda2989a936ec2504139997955,2026-09-27 17:27:59,TYsQqVyppXjpB9HxFLp9PY3GwLkAHDgH7R,TKmLo4mh2V7Sa1PVVygeJ6pwpLXSk1pRVy,22.055
4c3d1934f71fed1f749818d053d8cac34329173bd6cbd2a2a776174776ce4b5b,2026-09-27 17:27:59,TMHdZ9jUz3kEEt6KEQYSansG9Giu5x8pLw,TKb1DusNLMGF2s3zQjirH6q7Cz62AVNVgW,132.51
bb2cea02ca9b0249da8da9432d928832ca2024689e0e8fc785881db4206292f2,2026-09-27 17:27:59,TMqAM73kpbkRdRq4TojFY62AE3Cdmo7htg,TUoNsjLfUDKQD3Jb7LU7a3qh8neuqVwXAA,3000.0
dde5d5806e12574753592aff7a988e28a5b1215b9673a086b3f9de851f8653f7,2026-09-27 17:27:59,TDHXaxKb4PFaXWS4rp3hNThw2bGyFrnryi,TYUFzQu7sdWhnY4J3oW5ZaqyWi6swmxiAC,45.5366
2dd3615ac690a342e4eb191d5824d9a5514db35964657510251a2ab06c6251c0,2026-09-27 17:27:59,TM72ZS5gftjaVNtG83PrZKQ79g6ZANKqv8,TWFRfeSt8sQ9d9rnUsGU96oWXoqjGYKq1q,480.15
82335cede0c07ddb4e5d43cf2d1223d91f9b4028930385d444d14351a5a44f0c,2026-09-27 17:27:59,TW1P1fQZi9NFpV9m8CBRDWu77wAHDKAjQh,TDii6vao7xyWg2rKPbCPWVRpSmne8xcqYx,4.9791
d2db9052583c9c053bc8205ae8135ce03c2bc9dfc687fe013cf0938a837d72a2,2026-09-27 17:27:59,TSsA6NkVUTyywQi5xAuoZfhHV2Cz2SrmTB,TJbvnBYYmYBMw8FkVTqbnPLivX8k9tyPzj,700.0
8ec4f6443bd7de63e13d12b1d71a6004cfe5fa71773368af2e1ffa8d60181e47,2026-09-27 17:27:59,TFenyZ4dUDbFmhnxfTjQRYiJZMk3wWFN9p,TMT9ohFhUsMTwLYxXfWrWReWwHBqxzeKH6,1428.57
f1c808e0af5fbfaf69651a0019469dd2977a23edd39806b454f4b24c96ab1f60,2026-09-27 17:27:59,TLZous4EH5uzodfuAoyro9iMGNayQtCjut,TLcJ6CWTDWh25apo3Fxz8uhFjKW3GuEx9Q,299.0
0bab298ef7eed0d8ae748595c35bf364a4245cdeba3096b21856a22dd6bc8074,2026-09-27 17:27:59,TKjaPCARs349sTVA9tcDaDrJCMgzW8GSgK,TCchzsqoh8dSJK7M44EekZfNHhFp8zjiYA,40000.0
75d1e3b18701e8f8e434c5324fe89002a639fb88188381b4cbe08672bb149f33,2026-09-27 17:27:59,TTTxrFS1P4j14rvoxCVmobhRd24o9p4vqB,TBZdyd7dhAQZ1eYJFizh3EpnqEbmmnpVpd,100.0
9c6b0bca577e8427f79e461be7ec457cf82c5644c2670c5e1544c18766b5e1b2,2026-09-27 17:27:59,TQarY2nWKmaT4LwSDKjeGFsiJA9FvfRBwx,TNBd2sqB6m4vf9N7YKdAZTDXjB7oqWQaf5,45.0
c63637043d4725f750ad47dcc63ec6b6b83030660a03cb0034261e2180681dae,2026-09-27 17:27:59,TSWc5BZgYhQLxTiZGNHateRDUeKC1tKecQ,TTJpFU6BUZcFw4HeRzemN5QnpAb4zVC4SE,150.0
973208a8e736debed3bf4f202a9d44d25e420b73e65d257da250981099470335,2026-09-27 17:27:59,TVvszfeevB61iaVfNEcS2UYwVE9p4AwKMK,TBhihV7SzHoMSnBVzWqvX46uXu6Dixo1gd,330000.0
f642dcd9764beb7303e2bed173910e78cc2756bdfc90e1b77636033943a94ecc,2026-09-27 17:27:59,TKry7huqkjn1fAuKcFMuvLZmZfqmPSp4kf,TFQiEwF5KAUtuM96cjTMRRSYvQmmNAdeE5,150.0
720db306c8cc325bbc5a8b8b16a140a0d48db76eb9b7d9ce849ca60ac1ac097f,2026-09-27 17:27:59,TQkowpV4HX6PtYj8Rygnvp9wnisU5hDPVZ,TJ4KeiGTvTX4wRUgLARiwr8rGLaurmVkdZ,707.0
983bf77ab5b91c597c8a89b5b152eb6c9461fa2e5dbe17637d43bfa95800bf59,2026-09-27 17:27:59,TWkvffFDMsqbmTLkMHMABmw452Hyq98cdn,TQvzW9FjtExipZQXmtjorHXVg8RUo6HhB8,0.1001
9f218fd2fdc1b1197f7c96cdaa14382b5def8a1132ffdf1712b9cadb0402aeca,2026-09-27 17:27:59,TW6uL9yTW5nZ9p8TQjMzgpS8FETheqwRGh,TTNn5p7AWgwxpxhVbeo6KpMmbZVs1ztQmt,1000.0
7bb0d50487ed0329eb3b9214960cb3a0bdd7ec8dbbc0038329fbe751c9f989eb,2026-09-27 17:27:59,TDj3Wt8Tz7UXJWNur31RRFiQ5pdSxpiS5p,TQLkELHxH7erEuvapuKYUfJe5BxEJ1nu6d,254.0
106ba38e14f682a680d0529ae87d0a37fc77475eddbea28b7295e28301c35022,2026-09-27 17:27:59,TG5JQe9ZGMWAe4c7mte81iXzpbag7Z3KDF,TJRV4jMnf37zFaco2wSyxCL3NnTMHBBzZ9,701.07
4629ed1791de871fe13feb2315fad8a167f5233490948ffdd002cf19c283af95,2026-09-27 17:27:59,TNMSj1QbMVV1PtAc2UW7NVex4TawqXwy9H,TKnh54Lc8gUpSYp7h2BtGyM2HTtXo3n2Zc,134.0
c124df03ea7fbe96c83aba497f6e7a2c5094cc1e1219959340dbb0b3243ec3f7,2026-09-27 17:27:59,TTDJ3gc6wxQqhGNp3C8dsaWSrShcqkYSvF,TK4ETg8W1XvMPeL6f69MMdaupqXPtMiBr6,303.07
f3118fe7d0fd74c259239ce31a51322dfabbda262113cc0ce767ab6303cd97f1,2026-09-27 17:27:59,TFTbW7HatuZCXFCBeq6dN8i4rXPWdnfrbG,TLM4aksz2vj3d2cdsok4VLhoU9hbnKHStC,372.07
177b96d42442cb5526e00618a4294850bced2b74c873f32f9588a0dc007b1dbd,2026-09-27 17:27:59,TCqz1rHN6CvWLub5Q76d9jPaEjTM9Axvew,TASUAXazZPyEbMGk5gGcyZC3F56sDeMe59,2000.0
53584ba870138a8c7e6db8db06e0a14c927ccdd98e013b3740b7353318425b19,2026-09-27 17:27:59,TTTxrFS1P4j14rvoxCVmobhRd24o9p4vqB,TDYjCGTaPgg7XiJc7J6NZaKLmQCDXE1bxF,3.2433
277781b9f0678c5d97707180ac1e698ab797fd27bfb6dfaf36111057d2ad9a71,2026-09-27 17:27:59,TF6Zm9jYJPwgzdbCGr71s9XFggfVJT7BpL,TDvgp8UfgCrvuW636RiFdJRPU5qU2ARpgr,478.5
aa4316b461d0c57854a0d046abee1a444ce03a1d36136114bfeb28bda6bfb022,2026-09-27 17:27:59,TPSNHXRUizxwY2ZsdFmneGGxXcCA1AQWAW,TFQFW3zkCeKY4xVQM6q8YPNQp2WLTSjUzP,6000.0
8973f4b833065f7b9bb761b5726ff67e97ca1b9d7886fa3b267a9f6cb84d9efc,2026-09-27 17:27:59,TY4QpsFscfgZ7HNTWMvyhhmAapnTPBBmAi,TYCUNdzFh37hUqUcjFxy2nWsWTsRammmmm,466.0396
a578f4e7385569e453cb362a2b25f8dcd5fc9881563e42bb47fe83dbf2c4dc39,2026-09-27 17:27:59,TTu22tMCasuVjtEN83c7sW7MrK4g9sS7Mm,TKZck8gi9YsW6jN7bWfAT8euKMFHcpHLDw,1000.0
41bd05afa64eca106449e8f02183d4862bd2300ad35c7bb5fb0262e966cd0e05,2026-09-27 17:27:59,TNcBAZ5MwUdFg1hCyNzGFuWEtvuzHg8xdo,TXXUaHiWpkmjHp526mudTtaVk51X4HPMho,2020.0
3b0f27198784e12bf17b42e0d4429019f72c54162bfac69c043493e3b5628310,2026-09-27 17:27:59,TSSH9grkLSqrCs6BxkEfu1TueoDAi27qgf,TCwz9tyucSVbXqFqJoXyC36yegBf3YEekw,3000.0
cfec8123fe94b473d7b3f51e21843ce5950b4e8b4e9d283163e5c7d6f583db6a,2026-09-27 17:27:59,TWqjS4xzXmxSqKfVxrke7MRfEt3Fu1iCrf,TJXczYzxxreEJyJd9WDmLKtehzZYKDsvgw,7541.5
ac75da47b35a3868d5e4ba219847ea67744da731c01224de41cd504122fdec73,2026-09-27 17:27:59,TVvszfeevB61iaVfNEcS2UYwVE9p4AwKMK,TDii6vao7xyWg2rKPbCPWVRpSmne8xcqYx,3.0531
0fb7ba1211a72cacbaea0a87578849725590d054f05bc730271eef0282ac9e69,2026-09-27 17:27:59,TBLbw3L7ir99Yjm6d4JPKBLgooM2DATPWh,TTvTWoE5EFxmA5jmV51Dsdx2tSJfCKry5P,22658.0
528d900c29b382dc1c3bb1f55af6a2b5ef2c19eee32c038b18fb556544d0f9cf,2026-09-27 17:27:59,TAhiMRY4t45skgoUgDAWByxSNdoz8UdQgL,TF68EAoiKvcqG6gE2sKbTzftyhbvdvcwDU,2000.0
39621ea496c14b3c0c52b21ad3b1fbc4d9afef26b07dc801bf3800ca7ceba7dc,2026-09-27 17:27:59,TJ4KeiGTvTX4wRUgLARiwr8rGLaurmVkdZ,TRymixdfdBcEPsCAiFgiNjNNyzahYjAW9h,89.2098
a126dc8e3ccd471995686ca9aa382fa6d46e61d9ba42215015a82a9f8bfd8d20,2026-09-27 17:27:59,TPMjvDvbUBFAbCa9dax2fqovkNrgmiPQDA,TSeGFFxfLShcyxvyMo4m7aXVc6qMjCemyw,75.301
aca030279299fd8267700e79977287f372ff477d6106a459ab54246859279eef,2026-09-27 17:27:59,TG44PTHFgs3G5gYZ11vvUo4kKqTAJD8888,TSYiP2LuwWCgaV8ucarJKWeWgxv1wnJQJU,2100.0
21c3ad9e14499ba9cf8d081fac95c174095413cb350fc6c1f50192147fc665d6,2026-09-27 17:27:59,TD6GP2ws2n1bj1YzHjRjo56F9xKUnh9AsT,TBChiqWebp1MRyZ3W2eJyLmtfFbZGKeTEz,20.0
cb1f31d433760ac4806f7f67f780a1a7c3a40e18cc8d88bae3c115994e22aa4d,2026-09-27 17:27:59,TXRJCKBnbwQvdbTWwaBqJLACiFQb98VeyM,TKJ66tTzwbgbSyTp72VtMbBJT7TWZEm1Wb,297.4
e6b9b8356dc8e1dc3f5aabd6b05b77e07027e7e09e998028a71ff7d833fd3fe4,2026-09-27 17:27:59,TVPDtTpjF7StTH2YXaMmdokp7ECqB8cBjg,TPkYDU2qafStxno7DMvWPCnbA6fYiYNodB,11100.0
f638507eef55fa871c554f8b7709fc2cc793a98715bcf0162b3610d345891566,2026-09-27 17:27:59,TYVX1wxdkoFTxqysHf1VLuEDEfUykWW6iN,TYkKe8a3YKJ5rAFjJiwfZaYvCvMFCmdPee,3000.0
9dc455f2386b755e28f1ca285c0bc3d1715f62b024667281832c73baacf94511,2026-09-27 17:27:59,TAn68HomeVJrsjqgVJrnZQE7YuhE4oBuHQ,TCu1a9Ld4nSoA7hq5WRv5uSfSo23z6LDm8,504.0
fb5bc0aa8ded1cc8d032ca31ebc1b7e1fca9a3cfbee3a5b2b12da0dd5a312053,2026-09-27 17:27:59,TQtnXrZCysJrjB5LzGpTpjVkM4mRkidwMZ,TCsqzaG3Vvk8BFKN6WMUHWbNyUTy9TY7zo,280.0
1ba3aebcdac55064c3dfac76cb41e7e0f00e2e307a22719bc7ad3c2ce4c00b97,2026-09-27 17:27:59,TABUwjD8QNNTW1NCBiNATSkywJ77777777,TCAdtg39pAayxyYRFm1KASZEM688888888,20888.0
c36b708e0508e01bda143e93c96c20b902c3c2c9247e43aac6cb7cdabce820bc,2026-09-27 17:27:59,TLaGjwhvA8XQYSxFAcAXy7Dvuue9eGYitv,TX5cGHueTbQ1YoDQjpFA4PnE6bbATtWKok,150.0
25dd685ee905ea94c0aa5f183a11b758fda6eac24a924c1f0d840b1bd91cd8eb,2026-09-27 17:27:59,TLaGjwhvA8XQYSxFAcAXy7Dvuue9eGYitv,TRTSC7yWWgNVy9Mdw2zb2QtQcQ88888888,1500.4
810186cb0e7a5c77d3ef9a49202f44965878ae36522529ebbf3380754781c0d2,2026-09-27 17:27:59,TG5JQe9ZGMWAe4c7mte81iXzpbag7Z3KDF,TFWB8tEbDim1mu3J69wd4GYyCXnAEazVVy,12.0
6554dec59dd8eff4fd64fba3055052ea505b51692101bf1c4e6593283105d961,2026-09-27 17:27:59,TLaGjwhvA8XQYSxFAcAXy7Dvuue9eGYitv,TRwiyQumQU8g3Gwv2x76RqiskF1X2Aqpd3,674.9078
9474dafc7dc09b13e06f88b830219708554071fa4cd01a35414b26bfba08b87f,2026-09-27 17:27:59,TKcpAqUjgAnfkk7shyHwnasMCk8xTCh7Y5,TAmVZ8ULm5o627wDdwxWheQnqcVekrg5ZE,250.0
292234080d718a5d8a0590f29bc77f4d1ceb074c69dfabbbc7751abcb942afa6,2026-09-27 17:27:59,TJ6TPa6C8DDUTRyjySLaQZ9dCkB2h5hXcX,TXfhEcLfnnyhCt62rSEpRWoT3kR7xqzbAV,20000.0
4bb8f6c361a6a8e5e20226fad845a0fc541a8b4696d27f9bb5dd5f94dd8b8e20,2026-09-27 17:27:59,TLaGjwhvA8XQYSxFAcAXy7Dvuue9eGYitv,TYvGQYztFFKcyhaixFcToovHTe3S7KCqnJ,876.3
3aec030f0802541162f57e9198ca7193e1335b2a0b67e7b1d038d7e30b85d032,2026-09-27 17:27:59,TLaGjwhvA8XQYSxFAcAXy7Dvuue9eGYitv,TRL2yTUvdg2MsV7iv5ACH3PxFvAN7MmPwK,13.53
741d01d89390b7b7a85ffc4a7ee7d4aca96f741af7e410ffd2a3f218aa2522d0,2026-09-27 17:27:59,TLaGjwhvA8XQYSxFAcAXy7Dvuue9eGYitv,TKGa2CCNRVjYNmybWA1uV4P7hZuxvM1AbB,2100.2
bdeff5d023558f45ea0e283da0604d87fa8515dd28a47e84ed3a8c33559b19bd,2026-09-27 17:27:59,TLaGjwhvA8XQYSxFAcAXy7Dvuue9eGYitv,TSWrTh58gWXvAEiXNm3FZzrihkmtjVPkRw,56.75
d3008fad21194029acc40c1fee873faa247d135ca4c04d889c15064e5075c5be,2026-09-27 17:27:59,TLAEzaBLjYZbTqXB6Ua3BL8jgk38iZkbAN,TMU2tibMstiGDwMbVRWAhoikj3nWPL4V4N,5.0
0cf240dcd4e214d4f2c2cf3c4604b91e60275b20352acbb123bf64559c2b6d50,2026-09-27 17:27:59,TLaGjwhvA8XQYSxFAcAXy7Dvuue9eGYitv,TUyKgfNNVoH7AaqhvLR4AyDYdHZQdaJtHz,73.57
6a37012635ffc4bc0dba3cf799c77f1b1aac7dc541e1a3b001f3e531e2200ebf,2026-09-27 17:27:59,TUSLYkNRCfqP2MnPVxBxet1qE4u5Fr3xoY,TASrjzaivbCzXhxnVhaJx3qKK7AR7d2Knb,97.0
1f6db1d5777ddc6537d1d9bef42fe8c0786265a31b741d4837f2abd47d6e98bc,2026-09-27 17:27:59,TEwDBG99T94eAnQwLRp2m9nMSzM64eQ5NH,TL9ihHWHkqXd11HFdCtyTx2r6qmVH7cfJg,758.0
4162ac81c992d3188b6a359d46199b595b409a8e92f6bbe474d81bd486ba469f,2026-09-27 17:27:59,TJL2CN32LTUj898ik5sNc62FzZYimj2AeA,TWWtxHt4VcJfNBsTnFdisAXyGKiEnoXPnV,5003.5
6418ea90bf05ca173afb2e365e8672f42006ca611ce4d44e0016ffcc0875dc23,2026-09-27 17:27:59,TLaGjwhvA8XQYSxFAcAXy7Dvuue9eGYitv,TStgdWxrbaUeYTKv31ZSQuyDb4FWZFrbiS,5000.0
6d059411c73066a540d4e140bf8881d64f36001a463a6e1763cd481369377151,2026-09-27 17:27:59,TGU4LAC3xQd34pEcDPPGkkUrVtjdGyTkrh,TPVY5pfrAkq7SxNEMFGrjT56cP7TGzCv9K,9600.0
b282281d49ffe449d3e35e6fca982961ea4555b10a357d51274ab6969ce39aa4,2026-09-27 17:27:59,TLaGjwhvA8XQYSxFAcAXy7Dvuue9eGYitv,TPe1updC78Ht6vY8ufab5Gwv4r9oqtdFbv,1000.0
98c9d2b27ac7af8c803c46a3f58bde5119ccd1065461102cdb2dbafa9a16e8ac,2026-09-27 17:27:59,TTSH1ovMj8MVKChcRmoKXCLVA76F13tmSR,TBcxiick6ady9irzffN62YM8eHGskYzfeP,700.0
9f7d5ff5cba741eaeb508e7a6fc2ea1509bcb9ee0c64554dc17514b8b5b57ba1,2026-09-27 17:27:59,TCEEJKaAT4mF3AsjqwUUHmHvosq67x3FTz,TDGMY11gRdWC1YNffnnAZsUgE1KeA4boGu,43.581
eecb3be60d34a13db4a211b380cab7e004b7de4b6743012a7da9fe9991587569,2026-09-27 17:27:59,TJ26BTkidA99fBY5BGcgqQQKJFrWAmd9Ku,TETXvTEtVuaKdY7eVVrkP1BVhNdk5VDisA,96.89
5b03e122bb207077b9060d5527488f6788d6c1e8e9e9cf1d2d56c34684fa6acb,2026-09-27 17:27:59,TX2vyiCqyR3qUkSXtVgHxp6yF3ZGuexbaK,TEL5fQKhSMeuqidJev3D5k1ASxYY8LA4Jg,3464.0
464a5cfa26ccc8b1cdde2b91f55d7123b671c362939b3ca56350dd05ffa0fb7a,2026-09-27 17:27:59,TDk1Wm8cXXEbkgwCVDsvGvVMVUFL8gXpsk,TTJYGAaYFMWEe8AF4ERFM7cXCBjSFPQXBv,148.5
3af9145c286d8d79d35cd01d08412f179547acb4dcf30124bb008fe69ca1790f,2026-09-27 17:27:59,TKhPRVRVp1eWrFMWfyxyDVyGAJs2pw11Er,TCHxyfTxvdtdMTbo57B4ykUWrBQt4LeyPC,150.34
97b251be0b95727373144c54cbcd7f7bad215b2de859e199caf9a6610c435980,2026-09-27 17:27:59,TK4ykR48cQQoyFcZ5N4xZCbsBaHcg6n3gJ,TX1ocPwB4DCkFrWogJjXwZ6xkdgUP9AAte,29.89
29742214d23f5ff5136944be54e9a28572ae01d46ae9a5d61471b16fbf8a7aec,2026-09-27 17:27:59,TNXoiAJ3dct8Fjg4M9fkLFh9S2v9TXc32G,TNP87JRsFZRSTD6CytxuRZxWtwJ6XRA2GP,9278.86
f22122f7fbb3c72c9c43b7c55a4d8680ebdbe964c0d5ba72945610c10ea520b4,2026-09-27 17:27:59,TFUMDeSryuisPUAEBKjp66tUDK6w2L5n4R,TAtViKqNaVQVKQVs5D3JxKwMgKmqdmeZHd,323.0
ba78201b968caa8f1c036a4b2b1153ba08b52d16732a325b9d86b167336dd2ef,2026-09-27 17:27:59,TD3kDFPj7qWWcqCMAzufxAheRPoE5WXXUV,TSmRvGVSbDwuXfsWQCy1FcGKbd2WbGpnY7,90.0
7b5379762d08c566769759b8aa9a40eceaa44762987d6a173eb96aa720340ae8,2026-09-27 17:27:59,TDqSquXBgUCLYvYC4XZgrprLK589dkhSCf,TMNpubU96Kz4PGP7hx9cVh67Acb51pUJ1p,2998.5
fade2df305ab6b0bb5323f7df67ea64f9c1ee73b4a692973175315ea557d5426,2026-09-27 17:27:59,TCLgK89AnXbC9rewvhNb9UgXCc2qJJpBXh,TJEscEjXJ3ohaF8AhfxatiBzxLx6dt6EQ8,307.87
b839b94ed17a08f88cfcc57fed8885a0ce853f8b52271ba187d1b37c3b4fd6a5,2026-09-27 17:27:59,TSBHPFbPUUntP8d3mZ4KzdCNJnFJDsDGCq,TEBwJ3763MzuQGxcJS7npTAoD8iESEDV6u,257.1765
de1702d5e7676e835146e80326eb1dc2df237cbea82f826793871c78b68174a4,2026-09-27 17:27:59,TSKnr7FxDdrrjjcak9BeAnFhH5YRZUpvAX,TBQbWGPuRS6K2j1xPiVuX7YpFa7X18kKfv,10.1
bbb33ef8f461c393b5e1c1d8f4b1f8a5ee8654e37b645ba811d8b42e364b9e6f,2026-09-27 17:27:59,TV5SYR9j9ks8rupxS97AUacZaUjY83MFVC,TR1csn1sfZFSi4R3rCbdgFXGeRznYQsC4K,898.5
192601b094f56b385d0a75fa3972e90bd9da743dc14d753a21b7ac9fefa560e9,2026-09-27 17:27:59,TJqwA7SoZnERE4zW5uDEiPkbz4B66h9TFj,TVc5ZqZo9UGB1hKNv83MWPtZCWsLp5oCix,243.0
7ad7dbba3cbe8b19f0e8bc2bd4472a25a30334c06f5969af34069ed8db5aceb2,2026-09-27 17:27:59,TYASr5UV6HEcXatwdFQfmLVUqQQQMUxHLS,TBqNFemgAfh8LyUp5BRu5EMz6vMLNiJXon,88.5
3aa8dc62d6a2b9d7461f120a873111986441f914daa6a3719583ef16c122805d,2026-09-27 17:27:59,TUEUFejjx7PXAiWaomXKiCpuzwo1iWbmQH,TXDkAu3vUZMAKBmzGVzNgDn1FuZiKTsQPU,29.1
e74ba2a52285d3149dfe1d38c318639ca09508ff9343701fc64134aaded0ad1b,2026-09-27 17:27:59,TDyMyW3CMASWd1R61NWX8rEj2PX6DpLBaK,TQcc6RXn3jZKENvtL2bihb4hY49ZVzGciU,2000.0
bb6cae4ce31d0518cbfe35b9e10f678a3d50001fd32980be7e362b5754c4c54b,2026-09-27 17:27:59,TMsM5RTjn1uwNa2EdaC3QuEcXH25GQs4VJ,TZD9UhxEW5KyoeDQC9q3oUgR7uFqHHwJdN,75.187
a076256798ba3cc982ff57d885688f613154689a7719849b93c4735a56136284,2026-09-27 17:27:59,TAzsQ9Gx8eqFNFSKbeXrbi45CuVPHzA8wr,TPT8PgFmPdLU2YDuZb4RnQePDxGHoysjSG,3298.5
6d62adfa1695a262add0df4e3a4e5f0948110c49a920483e9a9b159a91d59a9c,2026-09-27 17:27:59,TCJeMQPAekdT5LH9SXf1ahF1hvfewu1HC4,TX21v1co9bNAQRqYctN2c4jrujwpnuGd9P,736.0
cd659f4eeffeb87c0b033bd62eb1c30ebc8d85708a7f4e2f7500a0134d69225b,2026-09-27 17:27:59,TJDENsfBJs4RFETt1X1W8wMDc8M5XnJhCe,TF7Ndy2LF1ZwcFGxoHUq1eENRau3pGQkyX,566.3
47fa31130527f1ade229c162899bbe4d1c85b2845f58dd26c6faa256b49694ac,2026-09-27 17:27:59,TGGzbCtFtfnJNQN5J7ubAEJDrEC6jVzhcR,TSx77SVQX7xtjF69iPfrFvS6cfsuHrE5d3,97.0
cc24de96533e268b01bf9803273c3bc47ec0c8eb70ee882f983cefa54b3da783,2026-09-27 17:27:59,TBSS2jsGmWmVcwwpCUHV9k7TG2Fvo2oaGo,TSiWgp8zhTiZJXxovKY4qLiiuZ3aqL9yEG,71.0
0a41400782b43f48d0684c873753fcde5375d43d31ce3fa791a7df5a600149a6,2026-09-27 17:27:59,TK4ykR48cQQoyFcZ5N4xZCbsBaHcg6n3gJ,THs8sowrLR3Hfxp6tK7FfBAsLd4WUE9Xiv,5.98
aaac8fe7cf3026aaa1a31b023d3a5cd3ebcaa1002ed3dda066296e3fca18a039,2026-09-27 17:27:59,TCqKcgWpw86JWn3wfRj6kbS8q6YQTTo7Se,TGjHHTWg6Pcmt3qAot93CqUbN14SamL6J8,300.0
c2558825ef3b3597170a742def268132dacc9f60bae2e54577b578dfcaa32dd2,2026-09-27 17:27:59,TDoXUNZ6PajKuiUkcYg3EDSV9bnqGqsbcf,TTSm29yTYEbQYUZPcNVuaUdzD4S9RQH6gY,1482.767
0b9a72c42fee5151830546bb65802c2eb9bdb0b983104d17a56c8287d69245a5,2026-09-27 17:27:59,TTQ8rbg7EvqyfCTsymeMP7s5yfTYY1YnQD,TLvfTMvopgSgS1pYdDh7wMfdxVMrA6wR6Q,29.8739
59f6429b0892a6f2852d037202d2ffe7e052abe2291a686c60d4b294e5f2613a,2026-09-27 17:27:59,TQrY8tryqsYVCYS3MFbtffiPp2ccyn4STm,TJAVYGBZZ1iCvw3tYFEgpDHVKvMvk3Xyce,540.7
fb577bdbfd77dcd218c408f923c6f7a40bc20c8c7c422f8ec6ce2f1fe0b19feb,2026-09-27 17:27:59,TFhYUmLtmGGHKzjHu4Mf6FjgX7e3TDUJn2,TRdSh3WPRc1NUp83YCmoqqXZrRZn8NrZ6y,227.0
520858ea4d18fe130ac30f3938f4920d47bff776f7949183bf8352700e7fe12a,2026-09-27 17:28:00,TCLgK89AnXbC9rewvhNb9UgXCc2qJJpBXh,TAKfwLNGSKMRLqWNHorXvaKqjjkcqd23s4,185.74
8bf5803ebb2f4303d0408c9106714516d4eafd1b06c85803a9d585a3efd2d362,2026-09-27 17:28:00,TBLEnuUAsgFFHMzLLrHUUMYBKocCSFsW82,TFqWxehW4NRCAnoxNgvfShgERKQMKRQSxu,1188.0
2f9ec154c2e09cd3ce591363c0fd47ce3fca6f0ab01dff42efdc16d6ab82f341,2026-09-27 17:28:00,TNXoiAJ3dct8Fjg4M9fkLFh9S2v9TXc32G,TR7G9YdxvHTL8QTuMdTmh8Q3WSwzGMsbfc,744.8
b614ad4d53c4da30ceb0fd7b03f8e470db8c44451db763c94da8a7367ad208ae,2026-09-27 17:28:00,TJ5usJLLwjwn7Pw3TPbdzreG7dvgKzfQ5y,TFh4ryxwdwwsT1bJLGScaAG3qt4A6KFEPJ,78.5
93c7f09ff414d2c5b20d46079a46d946ac68f4c4040a115a941c6757975f7cf3,2026-09-27 17:28:00,TNtTcstZdy5vppwDMQuR9gy6n5rT4o7ptq,TUhKTTMd2ACG3S32zeRcAgJ6zVpTtMRJAL,3468.53
bc3a8092c54fb863a66b0509b14825937a6c621a118039e49bf45455a17bdfaf,2026-09-27 17:28:00,TDqSquXBgUCLYvYC4XZgrprLK589dkhSCf,TNMhdWVEvGTRoitx9cysh9UYkSQ7PJavqJ,73.12
2dfb7602ffaecf7e683115aa181fd7d265c69bf974d983c7f01059429d5dc658,2026-09-27 17:28:00,TVi2HR8FmV95EzM8iH6Sb1cSjEdtEr3cVc,TRgZcrCV71XMDjS6trmg51ftDUemtFHyAw,500.0
0787a9cd4d53b8d8bd015007c0bdb602b612d829a4d28f12a483f96e635884e0,2026-09-27 17:28:00,TQvzW9FjtExipZQXmtjorHXVg8RUo6HhB8,TSz4ghitQEpvNG7sjDMMAdhabL5ZoJBkk6,0.1001
3ea4985f51ae7be64f3810df81b8f355c760ed1f8da3142f2ceb4e7c9a3d6965,2026-09-27 17:28:00,TAkrbwswSS5Z1U48NWM9WDJHdojs5BUFF6,TK3PVNGMzTrz9PYTGWGmKRn4LKE93nYBwa,75.0
0c0600526bd8e70c88cf6028d1de2ea9f85b4adfd4fc743474fa5181d526eaaf,2026-09-27 17:28:00,TUfPTKTwkfaXfG1JzAJFkdrxAUQ2rV1eEm,THqero4v6rNUpNxvqJp3otK3sPV7n5EzBA,3448.0
a1e708b7041a143b438c4443daa9222731f31a028e811554b37ac40bc202bbc4,2026-09-27 17:28:00,TEhiNXv3rcLRTEp2WT9ZH6RQW8Sq6juFxL,TDii6vao7xyWg2rKPbCPWVRpSmne8xcqYx,4.9791
6ecf2b0e8b0b9e5194c928d84a486a402fc831b79c254c003a9c711a83333cb6,2026-09-27 17:28:00,TWahxbf8b3frWnU6KRo5xjDXFMPEYxe5rY,TYD7AHGrwPceuESwew4drQ4LUtnLwwNBM5,43.2992
1097f9939565e73151936befcaf957b8d2db0922ecb8a6bdac513de75ba8ae34,2026-09-27 17:28:00,TWUhnk5Mu3WQsTb1dbiC7trtuVLfYz7hWJ,TWKBZvQKLmvG7rqJp8TojmEbkLxkwjRBqA,1600.0
ebb3ff8dc222f4c7010d193cd7117c9a8a82e7cbe90e1284cf2d27d72a07f9ea,2026-09-27 17:28:00,TNtTcstZdy5vppwDMQuR9gy6n5rT4o7ptq,TTDWiAQFLQ91xTfkD4dkdfHzpnKeeEjEPP,2153.55
cb1b812872b33c1182b80214951547e885dc2522ee8f35fc5a366c27d68aecda,2026-09-27 17:28:00,TWahxbf8b3frWnU6KRo5xjDXFMPEYxe5rY,TTreSw3MuP6wdAYkzncQLYhZER4QBD7PYb,12.2627
474e58dea7a3cb766cc4581ba3762c06a6daf6ca1d4c281f9a16454ece063a6d,2026-09-27 17:28:00,TYerBw1f5hjzWqaX8ovPCBZRKY2YThD6Vu,TGR3ABEXSPRu8bofMsCYEPTaBqQBWPQkfL,700.0
7d7693a36a1f5fc3760b40f4c9114c2fcaf0a02fd3462dfb83c71f1685d4abc9,2026-09-27 17:28:00,TNtTcstZdy5vppwDMQuR9gy6n5rT4o7ptq,TM1rZUcYLQeo7wQJDS8uQSFgdg9V8S2zyq,1867.94
e57be805014e8a0a8f3e42f6f1af13ec65ce77aadb69b3d604af2d61751eaaf2,2026-09-27 17:28:00,TD3amc6KkeqmxoMNk8zLnkRCbKbcxStieV,TAkky97XeJXRa1RZfg8npwDDLm16vyYAUr,1400.0
8a6dd972d9efaf7a62bc657960940c5a05d2aae066d205908978c5ebfa1204c7,2026-09-27 17:28:00,TUkhjdKVH4EHBeFMsr8zLwdwnmRFGpGMRZ,TJEfVwpHs3m4iGw1EhyRAEH1wSjQFebAxA,550.0
2dde1f6b01c803994f0f613998b03dae41cd1e780da7d17d0c7e6cf93b696cd0,2026-09-27 17:28:00,TEhs4kVMvQU46cbHBfLhEHgWQh32zhNEzH,TWoNUY4BR8FXtWJe1evVokeD1AA7Z79a6G,37.0
43be5cbc3ef7479e0be9d493c71e7b642ad9cc47e0a2feb97fec0d89a8d9ff16,2026-09-27 17:28:00,TBdCbjNjhRN6qKgpLazTTqVMWHoFFmZiUu,TLhBsPhY9DCmf6DbvxWq6jVRrZqpn3UouN,506.0
413230eeb46394fb3115e04f62f1b66d275a51a5855f50482f693246954bd162,2026-09-27 17:28:00,TEhs4kVMvQU46cbHBfLhEHgWQh32zhNEzH,TErYb1JEuEmxs31XUFcieCbygVHhPrPZAN,2.0289
494978eab0626736f9136a6e2e4ab9dfb0695313484c1735c6ca4defead34658,2026-09-27 17:28:00,TTf9knYkCeSMaa3vR2Xn3NmERpiUNp8f5F,TD7CT8qzdSPJdh6dEwJtSoKPmvX5MzuokD,34.29
16e92d87ae11f82b731cb3d984618bd7e9d172f29dc4cbd97ee76d1de0e7adfc,2026-09-27 17:28:00,TNtTcstZdy5vppwDMQuR9gy6n5rT4o7ptq,THgAkmQWBJ2Pr6jQ44XQgZi6efL9jxV1uB,888.71
365d631908def68a8f6e4ae3d6c726d929e0ad498643fbb304c90bd22958face,2026-09-27 17:28:00,TFYEdtbtgSxCG8weYCS21nqWabr7WZYQfj,TZG47zhb8kcriWQ2rE719yHs1KqgzwMrvF,4400.0
14e1326fa51bdcd74758ba1cffbf1d07edda7b94a46e7881c14e07605d631ff1,2026-09-27 17:28:00,TJ9NgsVDdySoFrCfDiGzaVZhe4Tz4ajD5n,TPwC1scUo2fGDD3w8UETLFvBJDcy7XmzV7,356.0
4a884a5a9552f9ac1aa1fb99e4b08f3fbf760601121dd05b370a05d5158b75be,2026-09-27 17:28:00,TUPryzS1npTu4rfWWZZkR4r4gTUuQQcwAW,TYUFzQu7sdWhnY4J3oW5ZaqyWi6swmxiAC,7.4784
5f65e48d0bb689825df1b7e529e73ebefe98a72af809c8a48d8f9a6aa0ad9c5f,2026-09-27 17:28:00,TJQow4eSi4bi5kb35XNS3Ueq6NCX42dC2e,TQvsjsNvsBYs8JosB1nVjp88fJF4uUKSEB,18000.0
b4710e12d63f71a840e83edfc05179f1139a8b041e287ca84134e598abd3e106,2026-09-27 17:28:00,TYvmvXBpPPu6k3aC8DJ2CGTgzqZR7VmkrX,TM1c4tM6HKtLHeryL5pTxdrFEmtez6gjHN,12.95
17cab08a99fab2178a40225a96277b31f83d1d7d86c7671a44eb3bf4ba848901,2026-09-27 17:28:00,TQAu3AsnqVyeA59Ey7CicHvNo7noTuD5Mj,TJ1xV1Qc2VwrsEp7rkc8rhihH9NF4rByy1,295.0
37b491ecdc4805d5c14d9e0f94b3fc8f405dc140df5425fa396b9256b4767a3c,2026-09-27 17:28:00,TTqr28DTetVFi3yWaiePmxEm8XmPLkrgua,TFfLk7e1S8Y3hGMcJtQGoA4umQG1dR9oDm,133.687
a71a3b25bd25595fb602e43c69a8bcc23acd00abde51f2ac7c684b8b8fd03127,2026-09-27 17:28:00,TMXmNccV6sWKNTfHX56r38yQ6czq831BM6,TXsDVuPXmQVfmW7dKGX62GCHnb17owYtyY,88.46
845ccc8da2b2ac2abf71d5a575cb23d04975d4ac4c874234f3bc80e76905e864,2026-09-27 17:28:00,TNvknm12WpscL5MCDq6AkFiC2pR1KMZWWW,TH5n6BLc4cPL5ptKXubYPb9XyrGdKEs8Tp,10.0
ef38bff7621ea50e4b191c444c96c519024da168a1ef9eda0b57f18b35b6810d,2026-09-27 17:28:00,TL3Dq3cuJzTygPc8eEXw4GiGDpMCwTrgaH,TLrUxkdPbzDFndR6XMk7YQTqErpY7niaRe,12.8377
62892bee04814baf5bb617b217472de33ecf9e85eb419f3237e9f65af82da924,2026-09-27 17:28:00,TTqr28DTetVFi3yWaiePmxEm8XmPLkrgua,TGFDRG7wExLiv6T9sswymDcexDS52c3pkk,1468.0
2c1e509b8df441192ee3f22de0dab819cbc195b3998c81c49118069d491566fa,2026-09-27 17:28:00,TDyMyW3CMASWd1R61NWX8rEj2PX6DpLBaK,TDii6vao7xyWg2rKPbCPWVRpSmne8xcqYx,4.6169
25768ccf1f63c2234c44dd49858af86e8b2ee48ec171c82b9d63539bcecdaa94,2026-09-27 17:28:00,TN6hRScYEZJmoCzJQU64Py7vYpUWqnuW18,TBcLkKpRE4KxDDhk73A98s2VigQEgwBiwX,50.0
84403b1b5bdd5fb8313282603ca03a0fee85e769b3b0b50263653c9d0d5113cc,2026-09-27 17:28:00,TNtTcstZdy5vppwDMQuR9gy6n5rT4o7ptq,TYEB19t5kFZwAmrWWzUv8gvPSHHz6NTE3h,13.0
55dba8074dac1d80ff58099e70c8d13e1c8e82a345edcd3870cac48cfa80989a,2026-09-27 17:28:00,TW1P1fQZi9NFpV9m8CBRDWu77wAHDKAjQh,TRu7Uj1nkBAHKHSNhksYcyMuLNwndhzLQE,1045.2608
1b580348fecaea5e69f6c4c83021d1ed69e468c10e0bc4cd95b9193d132024c7,2026-09-27 17:28:00,TMJfmSogcPTuQirsMB3QXK7r7HceQHLLsb,TYX9Cb54ZmiKiMatBA4oatuDjdvQck7HGT,2000.0
9e539701acd61ac228ce159dff562fb1de465e37dec9f91c51d596e8ef46b4e2,2026-09-27 17:28:00,TDLsdxyiLDhBmqeBnAR7PEdfAf4UAhs6UJ,TARxw2ui3ypNrnFmaTaX8tc6mecmLfKyK8,100.0
8548f8690cf8118bf3abd06fb218f51aacc6af2611f21923e7e1e4c3d8070f9f,2026-09-27 17:28:00,TJPWZkBNVBwVXTiBnFNRuxArbrUUkyug27,TSpo7CE4guuU7BSxNMrHWARBnLcUvj6W7a,36.09
4eb194a6cc97c6f0a50d86d1fa0890155d9871983ccda22744c33c3fac06f739,2026-09-27 17:28:00,TNn7AjXDaxJz3ULeH8CoWqMUfJoX8yvJcD,TYACvjNNtaaC9R429m6pJsJrLkpP6oCoeH,5000.0
70f64c6ec61306dae01b02816e1764e8bbd712f65157839b1c2ba29143ab8b72,2026-09-27 17:28:00,TXRJCKBnbwQvdbTWwaBqJLACiFQb98VeyM,TBJKq3irteuW2R59k4x8GrroUrw41A5iNz,31.45
79f61d66d7d5176139ed71dc2664e516e7719e3856e821b5f00f2816a660181f,2026-09-27 17:28:00,THZB6D6LzXHVcYFHdguaoWnFgijsY5Myy9,TSBURaaXz1S2CTBgSUwnBttDFbVwW2vvTC,10630.0
460c725a8ff940f651da5de050c232db31fa0a289552abf4df607083005066fb,2026-09-27 17:28:00,TS51FsfBw63X3M8FfZZGrJtizbfWApzN3G,TR79qqeZTohDtWTkPswDHbAaqPbtDBBQTJ,589.61
e877f0d3543f9a660fa4a5825830840176d548a36aea7cacccd8d9ec9cff5101,2026-09-27 17:28:00,TNE19a8VitRGMRY4fwTTqNigTe4cmXavd7,TT1ef95EWzeCHv7vNKjLNauQmzoUYa2xiA,117.0
f55bf3d55ee830aa857b1e3a594570891a5493d59865b4e4c1fa36b065762e38,2026-09-27 17:28:00,TH3a3877XJE8LaMjen1njW5aFAprtca2Fd,TTkVvneN6tNwrQWZAXDPEyrxX8b3Arsppu,200000.0
1b88edc9ccfed35724b25c6a977cc77414360632c240a030af3040f665b4a2d4,2026-09-27 17:28:00,TQSmL9afD2Y7FWpRXWEx2shf8TeRPuc666,TH67fBSdXahhrXs4B3DrkkEukZqXn3g6EJ,6888.0
b2fd783fbc71e71f0f300b42885231c585578c0e0d3dfc065176d8a59bf4775f,2026-09-27 17:28:00,TVFRAv8EAgvugvhELKEDYnQqYSUomkV5jL,TT2fEGWP6G5k8gjx3VAoniT7smrAjBfPo8,1200.0
914f5a2a280e8422ff80f68508c9b5d4ebb5d407baf7723780e913dbc30eb13d,2026-09-27 17:28:01,TNKuuTgSGjYDVDz18i8ndF8fvhAg2YFFRg,TAsAwhBNrefbex2N2xRR6PLJA3dXuUkAA6,50.02
4fd7f6b472855e0f3dd8fecd12b4926e357fa102bc724aa36d3a927266783380,2026-09-27 17:28:01,TJPbpPsZSo5iMvu2x82wTivkoaf9DbP7SX,TRp5n8sZS1b8CyxsyyaUHUas33X5zccB9p,591.47
5c78c20ba27ab73b8b80dbf7bdc5994d990c932af8bb184960a9dea60d04eeb7,2026-09-27 17:28:01,TR4248oL8KAij1AVCbK4KGRRnqizFV5Mnr,TLUzmZwRFXEZKcD6EJWC3L7fvKWR6sunpF,69.75
74c256c57ae8e47c20716ba1dca63620203d3fc3b39f65c0bc0fbd7ee5b718e6,2026-09-27 17:28:03,TQoTerxM57hxnUUEUCFCdTpTXnoBh84W1g,TJ4KeiGTvTX4wRUgLARiwr8rGLaurmVkdZ,72.0
1bdc0acc1c19190d5f1ebb921196c5bed65717d3e8a2131ddf447fcea9e74080,2026-09-27 17:28:03,TVgukPuFLE5XnP8KgSGiAVDzuw5JS3Q4Ee,TKg13aPpHWa7m2gKqwrxkTQUqtmJyY2tzU,250.0
8036506d35f5a625d3eadad3650071254d4af759c2bdb53092b71ef2612d0881,2026-09-27 17:28:03,TKcY6Jx8P3fqY7778aH6UCPUw5dQRU5wfn,TNainRu9WJtUAi89sZvtd9mmLyphQBS7XA,1000.0
d265c95aedbd99129b00ebaa62dbd917c517f5a6dcd2d20bf6c7fede6f8a6f10,2026-09-27 17:28:03,TDL6FdcUmQWUwPHEqBaJtgHfN1ZffrkdNd,TAbyKrFKXd9wQzGtK2n1KPTHdYFPup4EUw,109.0
c55360be65e3caabb6f85daa2474831ff9f40d56241ee6310d743ab14554cb95,2026-09-27 17:28:03,TFNyXQDZtEHRbdeS88GjBjdDUt7y9RDxwa,TDPZLL8vXVcy6pxrq8tcY1HdW6PhWjbNVu,3000.0
2d67b3fd5e5c37e5ed81d408a2d7d3094610cfc90d1d963a369cead9bba2441b,2026-09-27 17:28:03,TUta7Zs1JNGmi8HuoxhsPKNaWNWS9U1urf,TRaH9v8zNVF14c8i8JjrQCqEr7UCMgLXqt,130.1
7e027718d94ef2337360fbffa3a33812e57451f73be7ca027b6c3d78b24b0e10,2026-09-27 17:28:03,TLK4dx9xTkiwYVzurbFCjVLcMzTHEGcgkd,TTJVESxqNXozRNRFyqdXKQb3sLXY3Bfu3F,440.0
483a9ed1ce57919894691a648898f0ca8abbb4b3aedc83c88fbf1fc9fe05488c,2026-09-27 17:28:03,TRAuPkKzWqYGnGLgBe2FS1Cv3LB4gTgeGp,TQQzXFAwqhcF1nJsGH7am4NerzmZTvjCFa,178.045
faf301186e4f0d5dab13e7a79ab6d6d8799b9ff94287b9104fe28929a77a3a70,2026-09-27 17:28:03,TNaryTLJ8jWyZvBLH5mCnau84j7bN1wg13,TWPFrmWuJkwTy44FEsJoiFCLxefFxj9eHY,80.0
3725cf7efb720167786d4447cd4ee4925e44b0155e763e1c3af592f6164de87f,2026-09-27 17:28:03,TSxUs2VPjisnEbaQCxmwa23gPyCDamnYio,TP9khaRMXM1SNjFKD7S1Zv5vymHbwDvFDy,166.0
ce835cd5897df9a9b0db5e5475993f952e1c8116a66295acf3e6fc06ba3acd7b,2026-09-27 17:28:03,TQJRocuioBAAJtH69FfxmCM1yS81FtcYGh,TQiaz6LU2BMKFBjqzEPQVii7vgZZTTEDn5,20.0
837c49fdc3a63f2340695f0ee4e7460eb1573b6656169535ba10bfe760d06752,2026-09-27 17:28:03,TAZ6b1ihx6k6sw5zSgXRyq9FaWy9PHGg3a,TQqCpud8AXCTBdhuHEaQHDxLuyfThu67dS,400.0
0ba99f3d1bd2c113d1d47e39671ac2490f7c13afa0e81a294037c4ec5ea0d997,2026-09-27 17:28:03,TK4ykR48cQQoyFcZ5N4xZCbsBaHcg6n3gJ,TGsDL4aioQZucve9mmnK8A2Fwa5XRiQCeg,1018.5
3867139f82683f7221031092fc83ebeefd042f9710dd1eb6ef9f126854cab9bd,2026-09-27 17:28:03,TJ5usJLLwjwn7Pw3TPbdzreG7dvgKzfQ5y,TMoFV8GDn2vN8faJywMgw68Ye91qLngkyH,498.5
c6c98ef35a574dd90ee3b6a7555265f91b3e85fa099d430f2f5f324c5eb3ab4a,2026-09-27 17:28:03,TSUUVjysXV8YqHytSNjfkNXnnB49QDvZpx,TH3pawT6QBfgeuSbMaGE7YC5rYYtuVBdPD,10.0092
4f6ad823ad940a680f30bedc5eb4b37dca627d686e9a2ce9a02b16e8f3026b35,2026-09-27 17:28:03,TSyXQF7qJys471HbyZAfoekq3CgU52U462,TFAVSfNPgwawez45HX86FroXZRHc37pWur,1160.4
5c4b808206fcc76fb56ca164a1f277c72f62470f435f4b6df10766b2737fda94,2026-09-27 17:28:03,TQrY8tryqsYVCYS3MFbtffiPp2ccyn4STm,TQd4xeGJCJibqnRNgs5tnACz7joS5jrmEj,218.152
b8cf3f78e3179170ae14b70babe912e29c69e2325803a437fd04e55bdf906ffc,2026-09-27 17:28:03,TYASr5UV6HEcXatwdFQfmLVUqQQQMUxHLS,TV1JTnmrF8bpvWmjC9K7ui2yfuBEsasdxe,41.5
c7d6a546d89fd2b41ff256d949cbaf5e41ee10a160054c7d61ef716ab821ee37,2026-09-27 17:28:03,TDnbA3t9rrvrbb7GuuQJKoHPdvt1Jiaiek,TLfMyTGvwCW93ENZGg8XUhTz1azXyXKM77,5000.0
d4de4578bb394c4352d04396461f9da317b07a4b7a5eb39fba16ca7172008f85,2026-09-27 17:28:03,TAzsQ9Gx8eqFNFSKbeXrbi45CuVPHzA8wr,TSjnk3oAztNHp96y964ya39wFHhK5ounYS,5000.0
097a2161812b899bd4638bc0bfa2abeec300875850e4b41b942a4a39e34f514f,2026-09-27 17:28:03,TCLgK89AnXbC9rewvhNb9UgXCc2qJJpBXh,TStQTAPJvsNfsLaH8yJVD6pCqjG9o43gw3,599.5
a2d7bcecfaaef456e38a8110b2754d49491cc757e1a8b59989de289f5a964dba,2026-09-27 17:28:03,TJtoD1vNsWHw89FHKGhTqRF1L7ra7ojxCy,TF5KmFevjcXsyW1mQKWeP5KPmaHtmsgLa9,160.0
e044cbe4ca00106ad04ea0eefca58c1c71afc291261adea8c14e138c1d566381,2026-09-27 17:28:03,TDqSquXBgUCLYvYC4XZgrprLK589dkhSCf,TQL9e3kGQMrAUc1tBL2efY6eAj28Xh5PAt,8.5
8b9e020c969cf6204afff77a977b03fff7867ddb5d1ce58b9ac21be30e943339,2026-09-27 17:28:03,TNXoiAJ3dct8Fjg4M9fkLFh9S2v9TXc32G,TUAWGWY6vPmVM1uBeLtCGqee1AuZtKjw7q,61.3
a623a2993e9974838a12f5ad5f1ce11145b9b92c310c5a3ca05aa16ad0937649,2026-09-27 17:28:03,TJqwA7SoZnERE4zW5uDEiPkbz4B66h9TFj,TQN342wu3fZG5qGvDuvWmqHUDKfJdayTcs,9.5
4d1f081df8cbda7f0fae726f5dfa9dc5f6044d160a6aea0ce7a3584767221b4f,2026-09-27 17:28:03,TJDENsfBJs4RFETt1X1W8wMDc8M5XnJhCe,TJyoxQLwP3FygACo3URGfQKFtqsdxCeW37,553.5
54b34d53cc4f0b1a1d32e9892d49d5ef94a74d8c146ba7206dda6eee0c783e79,2026-09-27 17:28:03,TK4ykR48cQQoyFcZ5N4xZCbsBaHcg6n3gJ,TDPPifp3XHPfth49ULRSncUvtq2kzDnbR7,248.5
5e9bb9c429d594b50a618a960216840516ddb4901b9faf2b72555c2126458717,2026-09-27 17:28:03,TJ5usJLLwjwn7Pw3TPbdzreG7dvgKzfQ5y,TWwjpefSWaCbh8HZLrzCLBC19pWfjH195M,18.5
a6058b28b7e9851370425b0583a7c1c20d8a9c4cdc27011875b6ef5acdf2e863,2026-09-27 17:28:03,TQGeFXjjdLifXAwH7Dc8RgrJC6TRu5E8pG,TXPQBd5qBNMpLdDZYbF1BBGnqkGQup6jd1,16.34
f70d5e91a1fbd993d1f1623f81a787f0dc6d4279c33c504de3a655a67404dbc5,2026-09-27 17:28:03,TQrY8tryqsYVCYS3MFbtffiPp2ccyn4STm,THTAixako27frsJoG5UAu7MUg9qwGM77Po,61.2
affcae55f72bfc6ba687b0b0895f1be47d93b4ce9f81adc246ca7ef8a3a0307a,2026-09-27 17:28:03,TCLgK89AnXbC9rewvhNb9UgXCc2qJJpBXh,TFm9tzfiEMCqEq97DL51CcHfWmF8tYRq97,78.5
22743ca88cef217c88e32b43c4f92534b868e76dcbffea768e8a65cd34a42b37,2026-09-27 17:28:03,TJsrSpo788Un2ziP5wVj6BgadkcJKaUqEU,TRDphVfvEJdpArv7TCP8aEaMeX7bqyqUcH,2170.0
0fdd79677867b8d9b58f71b1c67d97721309c0402f2e0e14e1c9ed454772d197,2026-09-27 17:28:03,TNXoiAJ3dct8Fjg4M9fkLFh9S2v9TXc32G,TKSEbip2nHBYam8TFGg9d8TMe88S66QiKP,3000.0
d0aa17fd1ebacbb2af56db1fdb2333148ac10d073a2014e4f8af6d3c714cfa07,2026-09-27 17:28:03,TFTNo6ptqysT73CvTfNpbz1DJuFC5tP7Ru,TTc98Zxj5UD3wXdwkxMukpKVHYUJBhfu32,317.6363
30f7af1bb1808d36ea600f1dd22196661025e6dd704de5d0213e01ce21b9c4bf,2026-09-27 17:28:03,TG6qh5Y9j7G6LemDJwniw3X8Yh2gcDpuNq,TFihuFR9WT81AALM7VSAw6Gf7osjrfBHVL,20.602
e74099e57e3e4f9a368ff0f43cf2f0bda1d4034af2e6fe83847fdf948934aef8,2026-09-27 17:28:03,TJ5usJLLwjwn7Pw3TPbdzreG7dvgKzfQ5y,TYxu9sz8xdH2Q7JgaTAaZb68tmDdgnrJz3,500.0
b5bd3a08a8c1ea06bdffdb16253fe7f9cd179c97765588a33a3118972fa1c227,2026-09-27 17:28:03,TDqSquXBgUCLYvYC4XZgrprLK589dkhSCf,TCHkKRuU9LTL7aBXrh1kszLF4e6tdwwEds,50.0
225cb0dc67e9d85fca5856bcb12ba1aa5c183172974be395ff2a970477913905,2026-09-27 17:28:03,TLQb46VX7nS2AnPWoJGBhnE4LUXbZkQ5MG,THKA79Vdxwr8KXoGUhUCLXnNqgVB8gje56,788.0
517423fd769683655039f7d661f7de70f00f4d4c47947e9cce0a11a895d658d9,2026-09-27 17:28:03,TKqpNgeMy3HGwdY3LyxyqRQCztdmHYL91A,TXkp4hUFHC7UaoVMEzWte7fohGyTBr2HGX,450.7
ad089700a60f4b7f211ade2458821e1418c189427465963ad4dd08e8fb4c2233,2026-09-27 17:28:03,TJsr5QuBTZXsREGRTsWhuqsTSEpx8zbzQd,TJaZ2JHUmC6YQGiPkU1VL5N3Vbo2kPsuWP,980.0
8bd384f9ef90b5acaecbb94bb090b32b38d816f9fabdf5d110e0fedcd9ecac16,2026-09-27 17:28:03,TAAaXEnxFFgrkhc1EwGDgWFUXrjKDt2PFY,TKTpw1SkNoo2vrEzyCemaSqNo2m4b7m5ck,7739.9
824d83d61785b60de269d21ebe7646c488253acacfc9243bb433d499b5b3d4bc,2026-09-27 17:28:03,TQyZEo3xAJF7DkhDTQW4cGGepiwvn6P5ie,TPogm4MEMmJT9QdcUFFM6Pjzh9KjoxA9nM,1000.0
3877e7097e2b9b4d0e4090438d3a9890d98ba95ee959777e8dd3be4634842fc8,2026-09-27 17:28:03,TT4g3zgQKkJy6mEqoAUbdtprLvmceRav3R,TUHpC426oGAJyvqrrvbZ9bn1MV2XgKqHGU,3700.0
c480495fe447f9465781e16698febe1d88f2cd0af6acd9922b57ebe717740a2c,2026-09-27 17:28:03,TK8maf2eRcfpQWZJMkj9G5HmSbQ8AMhbdm,TMBtdeodUCXk3zbLRamJMZzND2pySsyrfm,300.0
781f4d57f7876f3ea43fb4e53b8eda1b025d6196d59e664adecb3678eafbede3,2026-09-27 17:28:03,TWGuiW7HmBAR7rQDQBykuRoMLwRERKNz1p,TW6FRct9AeiSekDSe8Tn6xUAqrFH16V2Le,400.0
8c2e48ad28b3dd7c53c3fe0e89ff10f8b56b0b221dcc12d265f951682a1cd530,2026-09-27 17:28:03,TLmkLDVSYVM3LTSMAPWfGTQF4KqSqDaHfp,TVWcCQfECe7LHQnkFF37woxFiyiiVnSxaR,4429.26
